concessionaria;ano_do_pnv_snv;tipo_de_radar;rodovia;uf;km_m;municipio;tipo_pista;sentido;situacao;data_da_inativacao;latitude;longitude;velocidade_leve;velocidade_pesado
AUTOPISTA FLUMINENSE;2019;Controlador;BR-101;RJ;58,805;Campos dos Goytacazes;Principal;Decrescente;Ativo;;-21,713412;-41,308561;60;60
AUTOPISTA FLUMINENSE;2019;Controlador;BR-101;RJ;55,389;Campos dos Goytacazes;Principal;Crescente;Ativo;;-21,681822;-41,310949;60;60
AUTOPISTA FLUMINENSE;2019;Controlador;BR-101;RJ;55,520;Campos dos Goytacazes;Principal;Decrescente;Ativo;;-21,683290;-41,310890;60;60
AUTOPISTA FLUMINENSE;2019;Controlador;BR-101;RJ;184,600;Casimiro de Abreu;Principal;Crescente;Ativo;;-22,429729;-42,031134;80;80
AUTOPISTA FLUMINENSE;2019;Controlador;BR-101;RJ;282,560;Itaboraí;Principal;Crescente;Ativo;;-22,735698;-42,801862;60;60
AUTOPISTA FLUMINENSE;2019;Controlador;BR-101;RJ;283,310;Itaboraí;Principal;Decrescente;Ativo;;-22,738801;-42,806988;60;60
AUTOPISTA FLUMINENSE;2019;Controlador;BR-101;RJ;293,500;Itaboraí;Principal;Crescente;Ativo;;-22,755539;-42,888149;60;60
AUTOPISTA FLUMINENSE;2019;Controlador;BR-101;RJ;293,700;Itaboraí;Principal;Decrescente;Ativo;;-22,755202;-42,890633;60;60
AUTOPISTA FLUMINENSE;2019;Controlador;BR-101;RJ;298,300;Itaboraí;Principal;Crescente;Ativo;;-22,772149;-42,933291;100;80
AUTOPISTA FLUMINENSE;2019;Controlador;BR-101;RJ;298,650;Itaboraí;Principal;Decrescente;Ativo;;-22,773498;-42,935548;100;80
AUTOPISTA FLUMINENSE;2019;Controlador;BR-101;RJ;313,000;São Gonçalo;Principal;Decrescente;Ativo;;-22,809907;-43,068761;100;80
AUTOPISTA FLUMINENSE;2019;Controlador;BR-101;RJ;314,400;São Gonçalo;Principal;Crescente;Ativo;;-22,817695;-43,079165;100;80
AUTOPISTA FLUMINENSE;2019;Controlador;BR-101;RJ;316,400;São Gonçalo;Principal;Crescente;Ativo;;-22,830783;-43,093638;100;80
AUTOPISTA LITORAL SUL;2009;Redutor;BR-101;SC;48,770;Joinville;Principal;Crescente;Ativo;;-26,380200;-48,851600;80;80
AUTOPISTA LITORAL SUL;2009;Redutor;BR-101;SC;50,510;Joinville;Principal;Decrescente;Ativo;;-26,390350;-48,839967;80;80
AUTOPISTA LITORAL SUL;2009;Redutor;BR-101;SC;140,480;Balneário Camboriú;Principal;Decrescente;Ativo;;-27,042947;-48,599675;60;60
AUTOPISTA LITORAL SUL;2009;Redutor;BR-101;SC;114,800;Itajaí;Marginal;Crescente;Ativo;;-26,869883;-48,729797;40;40
AUTOPISTA LITORAL SUL;2009;Redutor;BR-101;SC;114,900;Itajaí;Marginal;Crescente;Ativo;;-26,883453;-48,724089;40;40
AUTOPISTA LITORAL SUL;2009;Redutor;BR-101;SC;116,500;Itajaí;Marginal;Crescente;Ativo;;-27,511425;-48,642764;40;40
AUTOPISTA LITORAL SUL;2009;Redutor;BR-101;SC;196,050;Biguaçu;Marginal;Decrescente;Ativo;;-27,512006;-48,642081;40;40
AUTOPISTA LITORAL SUL;2009;Redutor;BR-101;SC;196,150;Biguaçu;Marginal;Crescente;Ativo;;-27,532914;-48,630986;40;40
AUTOPISTA LITORAL SUL;2009;Redutor;BR-101;SC;198,800;São José;Marginal;Crescente;Ativo;;-27,558233;-48,618350;60;60
AUTOPISTA LITORAL SUL;2009;Redutor;BR-101;SC;203,850;São José;Marginal;Crescente;Ativo;;-27,572569;-48,613778;60;60
AUTOPISTA LITORAL SUL;2009;Redutor;BR-101;SC;204,250;São José;Marginal;Decrescente;Ativo;;-27,576306;-48,613381;60;60
AUTOPISTA LITORAL SUL;2009;Redutor;BR-101;SC;204,750;São José;Marginal;Decrescente;Ativo;;-27,580361;-48,614436;40;40
AUTOPISTA LITORAL SUL;2009;Redutor;BR-101;SC;204,770;São José;Marginal;Decrescente;Ativo;;-27,580619;-48,614444;40;40
AUTOPISTA LITORAL SUL;2009;Redutor;BR-101;SC;208,000;São José;Marginal;Decrescente;Ativo;;-27,603294;-48,631939;60;60
AUTOPISTA LITORAL SUL;2009;Redutor;BR-101;SC;209,000;São José;Marginal;Decrescente;Ativo;;-27,610039;-48,638892;60;60
AUTOPISTA LITORAL SUL;2009;Redutor;BR-101;SC;209,900;São José;Marginal;Decrescente;Ativo;;-27,616022;-48,644975;60;60
AUTOPISTA LITORAL SUL;2009;Redutor;BR-101;SC;210,700;São José;Marginal;Crescente;Ativo;;-27,621294;-48,650333;60;60
AUTOPISTA LITORAL SUL;2009;Redutor;BR-101;SC;212,300;Palhoça;Marginal;Crescente;Ativo;;-27,632003;-48,661075;40;40
AUTOPISTA LITORAL SUL;2009;Redutor;BR-101;SC;212,350;Palhoça;Marginal;Crescente;Ativo;;-27,632314;-48,661422;40;40
AUTOPISTA LITORAL SUL;2009;Redutor;BR-101;SC;213,290;Palhoça;Marginal;Crescente;Ativo;;-27,639242;-48,666750;40;40
AUTOPISTA LITORAL SUL;2009;Redutor;BR-101;SC;213,660;Palhoça;Marginal;Crescente;Ativo;;-27,642081;-48,668847;60;60
AUTOPISTA LITORAL SUL;2009;Redutor;BR-101;SC;213,850;Palhoça;Marginal;Crescente;Ativo;;-27,643475;-48,669875;60;60
AUTOPISTA LITORAL SUL;2009;Redutor;BR-101;SC;214,900;Palhoça;Marginal;Crescente;Ativo;;-27,651111;-48,675542;60;60
AUTOPISTA LITORAL SUL;2009;Redutor;BR-101;SC;215,550;Palhoça;Marginal;Decrescente;Ativo;;-27,656133;-48,678472;60;60
AUTOPISTA LITORAL SUL;2009;Redutor;BR-101;SC;141,460;Balneário Camboriú;Principal;Crescente;Ativo;;-27,051844;-48,600036;80;80
AUTOPISTA LITORAL SUL;2009;Redutor;BR-101;SC;175,200;Governador Celso Ramos;Principal;Decrescente;Ativo;;-27,340886;-48,627872;80;80
AUTOPISTA LITORAL SUL;2009;Redutor;BR-101;SC;233,600;Palhoça;Principal;Crescente;Ativo;;-27,807475;-48,638678;80;80
AUTOPISTA LITORAL SUL;2009;Redutor;BR-101;SC;233,750;Palhoça;Principal;Decrescente;Ativo;;-27,808489;-48,638497;80;80
AUTOPISTA PLANALTO SUL;2017;Controlador;BR-116;PR;120,600;Curitiba;Principal;Decrescente;Ativo;;-25,590973;-49,315223;80;80
AUTOPISTA PLANALTO SUL;2017;Controlador;BR-116;PR;121,180;Curitiba;Principal;Crescente;Ativo;;-25,354624;-49,185973;60;60
AUTOPISTA PLANALTO SUL;2017;Controlador;BR-116;PR;128,900;Fazenda Rio Grande;Principal;Crescente;Ativo;;-25,663718;-49,313801;80;80
AUTOPISTA PLANALTO SUL;2017;Controlador;BR-116;PR;206,075;Rio Negro;Principal;Crescente;Ativo;;-26,073977;-49,756342;60;60
AUTOPISTA PLANALTO SUL;2017;Controlador;BR-116;PR;206,900;Rio Negro;Principal;Decrescente;Ativo;;-26,075329;-49,762117;60;60
AUTOPISTA PLANALTO SUL;2017;Controlador;BR-116;SC;53,299;Papanduva;Principal;Crescente;Ativo;;-26,393820;-50,157065;60;60
AUTOPISTA PLANALTO SUL;2017;Controlador;BR-116;SC;69,437;Monte Castelo;Principal;Decrescente;Ativo;;-26,464043;-50,229769;60;60
AUTOPISTA PLANALTO SUL;2017;Controlador;BR-116;SC;105,280;Monte Castelo;Principal;Decrescente;Ativo;;-26,752943;-50,316985;60;60
AUTOPISTA PLANALTO SUL;2017;Controlador;BR-116;SC;117,320;Santa Cecília;Principal;Crescente;Ativo;;-26,818408;-50,350940;60;60
AUTOPISTA PLANALTO SUL;2017;Controlador;BR-116;SC;117,850;Santa Cecília;Principal;Decrescente;Ativo;;-26,821071;-50,353813;60;60
AUTOPISTA PLANALTO SUL;2017;Controlador;BR-116;SC;172,500;Ponte Alta do Norte;Principal;Crescente;Ativo;;-27,214086;-50,465692;80;80
AUTOPISTA PLANALTO SUL;2017;Controlador;BR-116;SC;173,150;São Cristovão do Sul;Principal;Decrescente;Ativo;;-27,218833;-50,464637;80;80
AUTOPISTA PLANALTO SUL;2017;Controlador;BR-116;SC;308,420;Capão Alto;Principal;Crescente;Ativo;;-28,198208;-50,755753;60;60
AUTOPISTA REGIS BITTENCOURT;2017;Controlador;BR-116;SP;299,800;São Lourenço da Serra;Principal;Crescente;Ativo;;-23,793677;-46,915330;60;60
AUTOPISTA REGIS BITTENCOURT;2017;Controlador;BR-116;SP;305,100;São Lourenço da Serra;Principal;Crescente;Ativo;;-23,837860;-46,930824;80;60
AUTOPISTA REGIS BITTENCOURT;2017;Controlador;BR-116;SP;511,400;Cajati;Principal;Decrescente;Ativo;;-24,845450;-48,212248;60;60
AUTOPISTA REGIS BITTENCOURT;2017;Controlador;BR-116;SP;514,700;Cajati;Principal;Decrescente;Ativo;;-24,864790;-48,211446;60;60
AUTOPISTA REGIS BITTENCOURT;2017;Controlador;BR-116;SP;546,000;Barra do Turvo;Principal;Decrescente;Ativo;;-24,965893;-48,434310;60;60
AUTOPISTA REGIS BITTENCOURT;2017;Controlador;BR-116;SP;548,370;Barra do Turvo;Principal;Crescente;Ativo;;-24,953740;-48,448019;60;60
AUTOPISTA REGIS BITTENCOURT;2017;Controlador;BR-116;SP;550,700;Barra do Turvo;Principal;Decrescente;Ativo;;-24,967140;-48,471856;60;60
AUTOPISTA REGIS BITTENCOURT;2017;Controlador;BR-116;SP;559,950;Barra do Turvo;Principal;Crescente;Ativo;;-25,015236;-48,509448;60;60
AUTOPISTA REGIS BITTENCOURT;2017;Controlador;BR-116;SP;567,800;Barra do Turvo;Principal;Crescente;Ativo;;-25,056695;-48,555453;60;60
AUTOPISTA REGIS BITTENCOURT;2017;Controlador;BR-116;PR;28,800;Campina Grande do Sul;Principal;Decrescente;Ativo;;-25,110959;-48,808223;60;60
AUTOPISTA REGIS BITTENCOURT;2017;Controlador;BR-116;PR;33,600;Campina Grande do Sul;Principal;Decrescente;Ativo;;-25,114937;-48,849413;60;60
AUTOPISTA REGIS BITTENCOURT;2017;Controlador;BR-116;PR;40,050;Campina Grande do Sul;Principal;Crescente;Ativo;;-25,167022;-48,865032;60;60
AUTOPISTA REGIS BITTENCOURT;2017;Controlador;BR-116;SP;351,780;Miracatu;Principal;Crescente;Ativo;;-24,064698;-47,233601;60;60
AUTOPISTA REGIS BITTENCOURT;2017;Controlador;BR-116;SP;356,500;Miracatu;Principal;Crescente;Ativo;;-24,095474;-47,256386;60;60
AUTOPISTA REGIS BITTENCOURT;2017;Controlador;BR-116;SP;357,500;Miracatu;Principal;Crescente;Ativo;;-24,102768;-47,258911;60;60
AUTOPISTA REGIS BITTENCOURT;2017;Controlador;BR-116;SP;360,040;Miracatu;Principal;Crescente;Ativo;;-24,113081;-47,268627;60;60
AUTOPISTA REGIS BITTENCOURT;2017;Controlador;BR-116;SP;361,520;Miracatu;Principal;Crescente;Ativo;;-24,121953;-47,270639;60;60
CATARINENSE HOLDING;2020;Controlador;BR-101;SC;259,700;Paulo Lopes;Principal;Crescente;Ativo;;-28,020139;-48,698833;80;80
CATARINENSE HOLDING;2020;Controlador;BR-101;SC;264,600;Garopaba;Principal;Decrescente;Ativo;;-28,059667;-48,716944;110;90
CATARINENSE HOLDING;2020;Controlador;BR-101;SC;255,600;Paulo Lopes;Principal;Decrescente;Ativo;;-27,990306;-48,680028;80;80
CATARINENSE HOLDING;2020;Controlador;BR-101;SC;252,400;Paulo Lopes;Principal;Decrescente;Ativo;;-27,961722;-48,679278;110;90
CATARINENSE HOLDING;2020;Controlador;BR-101;SC;275,900;Imbituba;Principal;Crescente;Ativo;;-28,157222;-48,692972;110;90
CATARINENSE HOLDING;2020;Controlador;BR-101;SC;277,300;Imbituba;Principal;Crescente;Ativo;;-28,170194;-48,694306;110;90
CATARINENSE HOLDING;2020;Controlador;BR-101;SC;287,100;Imbituba;Principal;Crescente;Ativo;;-28,257278;-48,704083;110;90
CATARINENSE HOLDING;2020;Controlador;BR-101;SC;277,300;Imbituba;Principal;Decrescente;Ativo;;-28,170194;-48,694306;110;90
CATARINENSE HOLDING;2020;Controlador;BR-101;SC;304,000;Laguna;Principal;Decrescente;Ativo;;-28,388028;-48,774389;110;90
CATARINENSE HOLDING;2020;Controlador;BR-101;SC;289,500;Imbituba;Principal;Decrescente;Ativo;;-28,278111;-48,700250;110;90
CATARINENSE HOLDING;2020;Controlador;BR-101;SC;334,700;Tubarão;Principal;Crescente;Ativo;;-28,473194;-49,024667;110;90
CATARINENSE HOLDING;2020;Controlador;BR-101;SC;334,900;Tubarão;Principal;Decrescente;Ativo;;-28,474528;-49,026389;110;90
CATARINENSE HOLDING;2020;Controlador;BR-101;SC;325,400;Capivari de Baixo;Principal;Decrescente;Ativo;;-28,428611;-48,948917;110;90
CATARINENSE HOLDING;2020;Controlador;BR-101;SC;324,900;Capivari de Baixo;Principal;Decrescente;Ativo;;-28,426083;-48,944472;110;90
CATARINENSE HOLDING;2020;Controlador;BR-101;SC;318,400;Pescaria Brava;Principal;Decrescente;Ativo;;-28,428306;-48,881194;110;90
CATARINENSE HOLDING;2020;Controlador;BR-101;SC;360,600;Sangão;Principal;Crescente;Ativo;;-28,669472;-49,120139;110;90
CATARINENSE HOLDING;2020;Controlador;BR-101;SC;367,500;Sangão;Principal;Decrescente;Ativo;;-28,697694;-49,181528;110;90
CATARINENSE HOLDING;2020;Controlador;BR-101;SC;363,400;Sangão;Principal;Crescente;Ativo;;-28,681222;-49,144361;110;90
CATARINENSE HOLDING;2020;Controlador;BR-101;SC;361,900;Sangão;Principal;Decrescente;Ativo;;-28,676472;-49,130083;110;90
CATARINENSE HOLDING;2020;Controlador;BR-101;SC;252,000;Paulo Lopes;Principal;Crescente;Ativo;;-27,958250;-48,678000;110;90
CATARINENSE HOLDING;2020;Controlador;BR-101;SC;269,032;Imbituba;Principal;Decrescente;Ativo;;-28,097500;-48,705667;110;90
CATARINENSE HOLDING;2020;Controlador;BR-101;SC;324,000;Pescaria Brava;Principal;Crescente;Ativo;;-28,424583;-48,935806;110;90
CATARINENSE HOLDING;2020;Controlador;BR-101;SC;336,800;Tubarão;Principal;Decrescente;Ativo;;-28,486889;-49,038056;80;80
CATARINENSE HOLDING;2020;Controlador;BR-101;SC;347,280;Jaguaruna;Principal;Crescente;Ativo;;-28,577361;-49,085778;110;90
CATARINENSE HOLDING;2020;Controlador;BR-101;SC;347,840;Jaguaruna;Principal;Decrescente;Ativo;;-28,582194;-49,050361;110;90
CATARINENSE HOLDING;2020;Controlador;BR-101;SC;355,300;Sangão;Principal;Crescente;Ativo;;-28,630889;-49,089667;110;90
CATARINENSE HOLDING;2020;Controlador;BR-101;SC;371,900;Içara;Principal;Decrescente;Ativo;;-28,714556;-49,221417;110;90
CATARINENSE HOLDING;2020;Controlador;BR-101;SC;373,000;Içara;Principal;Crescente;Ativo;;-28,717139;-49,232194;110;90
CATARINENSE HOLDING;2020;Controlador;BR-101;SC;387,700;Içara;Principal;Decrescente;Ativo;;-28,793556;-49,351972;110;90
CATARINENSE HOLDING;2020;Controlador;BR-101;SC;391,940;Criciúma;Principal;Crescente;Ativo;;-28,813111;-49,389139;110;90
CATARINENSE HOLDING;2020;Controlador;BR-101;SC;400,700;Maracajá;Principal;Crescente;Ativo;;-28,869556;-49,450889;110;90
CATARINENSE HOLDING;2020;Controlador;BR-101;SC;407,500;Araranguá;Principal;Decrescente;Ativo;;-28,920083;-49,490417;110;90
CATARINENSE HOLDING;2020;Controlador;BR-101;SC;410,800;Araranguá;Principal;Crescente;Ativo;;-28,934750;-49,518167;110;90
CATARINENSE HOLDING;2020;Controlador;BR-101;SC;411,000;Araranguá;Principal;Decrescente;Ativo;;-28,936222;-49,519306;110;90
CATARINENSE HOLDING;2020;Controlador;BR-101;SC;412,200;Araranguá;Principal;Crescente;Ativo;;-28,944000;-49,527806;110;90
CATARINENSE HOLDING;2020;Controlador;BR-101;SC;412,200;Araranguá;Principal;Decrescente;Ativo;;-28,944000;-49,527806;110;90
CATARINENSE HOLDING;2020;Controlador;BR-101;SC;416,000;Araranguá;Principal;Crescente;Ativo;;-28,972333;-49,528861;110;90
CATARINENSE HOLDING;2020;Controlador;BR-101;SC;416,000;Araranguá;Principal;Decrescente;Ativo;;-28,972333;-49,528861;110;90
CATARINENSE HOLDING;2020;Controlador;BR-101;SC;432,500;Sombrio;Principal;Crescente;Ativo;;-29,084694;-49,630556;110;90
CATARINENSE HOLDING;2020;Controlador;BR-101;SC;432,500;Sombrio;Principal;Decrescente;Ativo;;-29,084694;-49,630556;110;90
CATARINENSE HOLDING;2020;Controlador;BR-101;SC;445,600;Santa Rosa do Sul;Principal;Crescente;Ativo;;-29,148556;-49,724806;110;90
CATARINENSE HOLDING;2020;Controlador;BR-101;SC;445,600;Santa Rosa do Sul;Principal;Decrescente;Ativo;;-29,148556;-49,724806;110;90
CONCEBRA;2017;Controlador;BR-60;GO;15,250;Alexânia;Principal;Crescente/Decrescente;Ativo;;-16,109244;-48,363771;110;90
CONCEBRA;2017;Controlador;BR-60;GO;15,250;Alexânia;Principal;Decrescente;Ativo;;-16,109244;-48,363771;110;90
CONCEBRA;2017;Controlador;BR-60;DF;8,540;Brasília;Principal;Crescente;Ativo;;-15,904820;-48,136279;80;80
CONCEBRA;2017;Controlador;BR-60;DF;10,050;Brasília;Principal;Decrescente;Ativo;;-15,909947;-48,150911;80;80
CONCEBRA;2017;Redutor;BR-60;DF;12,300;Brasília;Principal;Decrescente;Ativo;;-15,919853;-48,165065;60;60
CONCEBRA;2017;Redutor;BR-60;DF;12,300;Brasília;Principal;Crescente;Ativo;;-15,919547;-48,165260;60;60
CONCEBRA;2017;Redutor;BR-60;DF;30,000;Brasília;Principal;Crescente;Ativo;;-16,042216;-48,256709;40;40
CONCEBRA;2017;Redutor;BR-60;DF;30,000;Brasília;Principal;Decrescente;Ativo;;-16,042696;-48,256292;40;40
CONCEBRA;2017;Redutor;BR-60;GO;22,700;Alexânia;Principal;Crescente;Ativo;;-16,121198;-48,425263;40;40
CONCEBRA;2017;Redutor;BR-60;GO;22,800;Alexânia;Principal;Decrescente;Ativo;;-16,121311;-48,426290;40;40
CONCEBRA;2017;Redutor;BR-60;GO;79,150;Anápolis;Principal;Crescente;Ativo;;-16,300556;-48,812986;40;40
CONCEBRA;2017;Redutor;BR-60;GO;79,150;Anápolis;Principal;Decrescente;Ativo;;-16,300861;-48,812878;40;40
CONCEBRA;2017;Redutor;BR-60;GO;91,250;Anápolis;Principal;Crescente;Ativo;;-16,347739;-48,908274;40;40
CONCEBRA;2017;Redutor;BR-60;GO;91,330;Anápolis;Principal;Decrescente;Ativo;;-16,348402;-48,908756;40;40
CONCEBRA;2017;Redutor;BR-60;GO;101,200;Anápolis;Principal;Crescente;Ativo;;-16,402323;-48,976167;60;60
CONCEBRA;2017;Redutor;BR-60;GO;101,800;Anápolis;Principal;Decrescente;Ativo;;-16,404887;-48,980615;60;60
CONCEBRA;2017;Redutor;BR-60;GO;117,950;Terezópolis de Goiás;Principal;Crescente;Ativo;;-16,484090;-49,093074;40;40
CONCEBRA;2017;Redutor;BR-60;GO;118,000;Terezópolis de Goiás;Principal;Decrescente;Ativo;;-16,484798;-49,093366;40;40
CONCEBRA;2017;Redutor;BR-60;GO;118,530;Terezópolis de Goiás;Principal;Crescente;Ativo;;-16,488047;-49,096859;40;40
CONCEBRA;2017;Controlador;BR-60;GO;119,500;Terezópolis de Goiás;Principal;Crescente;Ativo;;-16,497203;-49,105881;80;80
CONCEBRA;2017;Controlador;BR-60;GO;122,800;Terezópolis de Goiás;Principal;Crescente;Ativo;;-16,516613;-49,122211;80;80
CONCEBRA;2017;Controlador;BR-60;GO;126,000;Goianápolis;Principal;Decrescente;Ativo;;-16,517995;-49,123703;80;80
CONCEBRA;2017;Controlador;BR-60;GO;125,350;Goianápolis;Principal;Decrescente;Ativo;;-16,529990;-49,141356;80;80
CONCEBRA;2017;Controlador;BR-60;GO;124,800;Goianápolis;Principal;Crescente;Ativo;;-16,528391;-49,137104;80;80
CONCEBRA;2017;Controlador;BR-60;GO;126,700;Goianápolis;Principal;Crescente;Ativo;;-16,537900;-49,149197;80;80
CONCEBRA;2017;Controlador;BR-60;GO;127,220;Goianápolis;Principal;Decrescente;Ativo;;-16,542807;-49,149747;80;80
CONCEBRA;2017;Controlador;BR-60;GO;128,100;Goianápolis;Principal;Decrescente;Ativo;;-16,553939;-49,152502;80;80
CONCEBRA;2017;Controlador;BR-60;GO;132,820;Goiânia;Principal;Crescente;Ativo;;-16,581266;-49,178608;80;80
CONCEBRA;2017;Controlador;BR-60;GO;133,360;Goiânia;Principal;Crescente;Ativo;;-16,581291;-49,183352;80;80
CONCEBRA;2017;Controlador;BR-60;DF;29,100;Brasília;Principal;Decrescente;Ativo;;-16,031070;-48,253482;80;80
CONCEBRA;2017;Controlador;BR-60;GO;0,700;Santo Antônio do Descoberto;Principal;Crescente;Ativo;;-16,057033;-48,261945;110;90
CONCEBRA;2017;Controlador;BR-60;GO;18,820;Alexânia;Principal;Decrescente;Ativo;;-16,115564;-48,391403;110;90
CONCEBRA;2017;Controlador;BR-60;GO;26,000;Alexânia;Principal;Crescente;Ativo;;-16,105136;-48,451785;110;90
CONCEBRA;2017;Controlador;BR-60;GO;27,500;Alexânia;Principal;Decrescente;Ativo;;-16,102011;-48,464212;110;90
CONCEBRA;2017;Controlador;BR-60;GO;28,240;Alexânia;Principal;Decrescente;Ativo;;-16,100433;-48,470791;110;90
CONCEBRA;2017;Controlador;BR-60;GO;109,400;Goianápolis;Principal;Crescente;Ativo;;-16,448350;-49,025775;110;90
CONCER;2016;Controlador;BR-40;RJ;24,900;Três Rios;Principal;Decrescente;Ativo;;-22,148066;-43,158292;70;70
CONCER;2016;Controlador;BR-40;RJ;65,000;Petrópolis;Principal;Decrescente;Ativo;;-22,428082;-43,161750;70;70
CONCER;2016;Controlador;BR-40;RJ;72,500;Petrópolis;Principal;Crescente;Ativo;;-22,461620;-43,222137;70;70
CONCER;2016;Controlador;BR-40;RJ;74,600;Petrópolis;Principal;Decrescente;Ativo;;-22,479247;-43,217286;70;70
CONCER;2016;Controlador;BR-40;RJ;83,700;Petrópolis;Principal;Crescente;Ativo;;-22,521737;-43,235255;70;70
CONCER;2016;Controlador;BR-40;RJ;105,900;Duque de Caxias;Principal;Decrescente;Ativo;;-22,646195;-43,283664;90;90
CONCER;2016;Controlador;BR-40;RJ;64,700;Petrópolis;Principal;Crescente;Ativo;;-22,427058;-43,158645;70;70
CONCER;2016;Controlador;BR-40;RJ;86,800;Petrópolis;Principal;Crescente;Ativo;;-22,542299;-43,233504;70;70
CONCER;2016;Controlador;BR-40;RJ;80,000;Petrópolis;Principal;Crescente;Ativo;;-22,498044;-43,228858;70;70
CONCER;2016;Controlador;BR-40;RJ;97,110;Duque de Caxias;Principal;Decrescente;Ativo;;-22,583707;-43,261083;50;50
CONCER;2016;Controlador;BR-40;RJ;80,160;Petrópolis;Principal;Decrescente;Ativo;;-22,519988;-43,228025;70;70
CONCER;2016;Controlador;BR-40;MG;815,200;Simão Pereira;Principal;Crescente;Ativo;;-21,918528;-43,322804;70;70
CONCER;2016;Controlador;BR-40;MG;815,800;Simão Pereira;Principal;Decrescente;Ativo;;-21,923099;-43,320567;70;70
CONCER;2016;Controlador;BR-40;MG;784,600;Juiz de Fora;Principal;Decrescente;Ativo;;-21,732482;-43,439310;70;70
CONCER;2016;Controlador;BR-40;MG;781,000;Juiz de Fora;Principal;Decrescente;Ativo;;-21,705447;-43,450948;70;70
CONCER;2016;Controlador;BR-40;MG;781,000;Juiz de Fora;Principal;Crescente;Ativo;;-21,704476;-43,451743;70;70
CRO;2016;Controlador;BR-70;MT;503,360;Cuiabá;Principal;Crescente/Decrescente;Ativo;;-15,698808;-56,034131;60;60
CRO;2016;Controlador;BR-70;MT;504,000;Cuiabá;Principal;Crescente/Decrescente;Ativo;;-15,700708;-56,046134;60;60
CRO;2016;Controlador;BR-70;MT;516,900;Várzea Grande;Principal;Crescente/Decrescente;Ativo;;-15,701572;-56,158731;60;60
CRO;2016;Controlador;BR-70;MT;517,100;Várzea Grande;Principal;Crescente/Decrescente;Ativo;;-15,701236;-56,161069;60;60
CRO;2016;Controlador;BR-70;MT;521,400;Várzea Grande;Principal;Crescente/Decrescente;Ativo;;-15,668997;-56,180897;60;60
CRO;2016;Controlador;BR-70;MT;521,700;Várzea Grande;Principal;Crescente/Decrescente;Ativo;;-15,667026;-56,182495;60;60
CRO;2016;Controlador;BR-70;MT;523,300;Várzea Grande;Principal;Crescente/Decrescente;Ativo;;-15,654769;-56,191142;60;60
CRT;2017;Redutor;BR-116;RJ;1,900;Sapucaia;Principal;Decrescente;Ativo;;-21,880615;-42,681266;50;50
CRT;2017;Redutor;BR-116;RJ;53,500;Teresópolis;Principal;Crescente;Ativo;;-22,203317;-42,894472;50;50
CRT;2017;Controlador;BR-116;RJ;78,600;Teresópolis;Principal;Crescente;Ativo;;-22,400997;-42,953947;60;60
CRT;2017;Controlador;BR-116;RJ;91,100;Guapimirim;Principal;Crescente;Ativo;;-22,466484;-43,000871;60;60
CRT;2017;Redutor;BR-116;RJ;101,200;Guapimirim;Principal;Crescente;Ativo;;-22,511813;-43,000803;50;50
CRT;2017;Redutor;BR-116;RJ;104,101;Guapimirim;Principal;Crescente;Ativo;;-22,533382;-42,993746;50;50
ECO050;2017;Redutor;BR-50;GO;278,650;Catalão;Principal;Decrescente;Ativo;;-18,172200;-47,925400;60;60
ECO050;2017;Redutor;BR-50;GO;279,650;Catalão;Principal;Crescente;Ativo;;-18,176630;-47,933610;60;60
ECO050;2017;Redutor;BR-50;GO;280,620;Catalão;Principal;Crescente/Decrescente;Ativo;;-18,181620;-47,941020;60;60
ECO050;2017;Redutor;BR-50;GO;281,000;Catalão;Principal;Crescente;Ativo;;-18,183610;-47,943950;60;60
ECO050;2017;Controlador;BR-50;MG;51,900;Araguari;Principal;Crescente;Ativo;;-18,751800;-48,237650;80;80
ECO050;2017;Redutor;BR-50;MG;53,800;Araguari;Principal;Decrescente;Ativo;;-18,766410;-48,244590;60;60
ECO050;2017;Redutor;BR-50;MG;55,100;Uberlândia;Principal;Decrescente;Ativo;;-18,774580;-48,239720;60;60
ECO050;2017;Redutor;BR-50;MG;56,400;Uberlândia;Principal;Decrescente;Ativo;;-18,782700;-48,233220;60;60
ECO050;2017;Redutor;BR-50;MG;171,000;Uberaba;Principal;Crescente;Ativo;;-19,744230;-47,984160;70;70
ECO050;2017;Redutor;BR-50;MG;171,200;Uberaba;Principal;Decrescente;Ativo;;-19,746320;-47,983650;60;60
ECO050;2017;Redutor;BR-50;MG;182,100;Uberaba;Principal;Crescente;Ativo;;-19,792910;-47,911910;50;50
ECO050;2017;Redutor;BR-50;MG;182,200;Uberaba;Principal;Decrescente;Ativo;;-19,793940;-47,911100;50;50
ECO050;2017;Redutor;BR-50;MG;206,500;Delta;Principal;Crescente;Ativo;;-19,979410;-47,789120;50;50
ECO050;2017;Redutor;BR-50;MG;206,700;Delta;Principal;Decrescente;Ativo;;-19,981510;-47,788700;50;50
ECO050;2017;Redutor;BR-50;GO;96,350;Cristalina;Principal;Crescente;Ativo;;-16,757700;-47,609340;40;40
ECO050;2017;Redutor;BR-50;GO;99,830;Cristalina;Principal;Crescente/Decrescente;Ativo;;-16,781350;-47,630640;80;80
ECO101 CONCESSIONARIA DE RODOVIAS S/A;2020;Controlador;BR-101;ES;216,140;Serra;Principal;Crescente;Ativo;;-20,146583;-40,286667;60;60
ECO101 CONCESSIONARIA DE RODOVIAS S/A;2020;Controlador;BR-101;ES;261,080;Serra;Principal;Decrescente;Ativo;;-20,151056;-40,278722;60;60
ECO101 CONCESSIONARIA DE RODOVIAS S/A;2020;Controlador;BR-101;ES;14,022;Pedro Canário;Principal;Crescente;Ativo;;-18,282360;-39,956880;60;60
ECO101 CONCESSIONARIA DE RODOVIAS S/A;2020;Controlador;BR-101;ES;15,503;Pedro Canário;Principal;Crescente/Decrescente;Ativo;;-18,294220;-39,956470;60;60
ECO101 CONCESSIONARIA DE RODOVIAS S/A;2020;Controlador;BR-101;ES;17,837;Pinheiros;Principal;Decrescente;Ativo;;-18,313020;-39,954610;60;60
ECO101 CONCESSIONARIA DE RODOVIAS S/A;2020;Controlador;BR-101;ES;31,114;Conceição da Barra;Principal;Crescente/Decrescente;Ativo;;-18,420860;-39,935610;60;60
ECO101 CONCESSIONARIA DE RODOVIAS S/A;2020;Controlador;BR-101;ES;37,777;Conceição da Barra;Principal;Crescente/Decrescente;Ativo;;-18,478940;-39,924860;60;60
ECO101 CONCESSIONARIA DE RODOVIAS S/A;2020;Controlador;BR-101;ES;50,020;Conceição da Barra;Principal;Crescente/Decrescente;Ativo;;-18,582990;-39,893160;60;60
ECO101 CONCESSIONARIA DE RODOVIAS S/A;2020;Controlador;BR-101;ES;61,061;São Mateus;Principal;Crescente;Ativo;;-18,676970;-39,865080;60;60
ECO101 CONCESSIONARIA DE RODOVIAS S/A;2020;Controlador;BR-101;ES;62,156;São Mateus;Principal;Crescente/Decrescente;Ativo;;-18,686300;-39,862300;60;60
ECO101 CONCESSIONARIA DE RODOVIAS S/A;2020;Controlador;BR-101;ES;68,381;São Mateus;Principal;Crescente/Decrescente;Ativo;;-18,723530;-39,860940;60;60
ECO101 CONCESSIONARIA DE RODOVIAS S/A;2020;Controlador;BR-101;ES;69,039;São Mateus;Principal;Crescente/Decrescente;Ativo;;-18,729160;-39,859970;60;60
ECO101 CONCESSIONARIA DE RODOVIAS S/A;2020;Controlador;BR-101;ES;126,465;Linhares;Principal;Crescente;Ativo;;-19,189860;-40,094720;60;60
ECO101 CONCESSIONARIA DE RODOVIAS S/A;2020;Controlador;BR-101;ES;126,466;Linhares;Principal;Decrescente;Ativo;;-19,189860;-40,094720;60;60
ECO101 CONCESSIONARIA DE RODOVIAS S/A;2020;Controlador;BR-101;ES;126,827;Linhares;Principal;Crescente;Ativo;;-19,193130;-40,095080;60;60
ECO101 CONCESSIONARIA DE RODOVIAS S/A;2020;Controlador;BR-101;ES;126,828;Linhares;Principal;Decrescente;Ativo;;-19,193130;-40,095080;60;60
ECO101 CONCESSIONARIA DE RODOVIAS S/A;2020;Controlador;BR-101;ES;150,022;Linhares;Principal;Crescente/Decrescente;Ativo;;-19,404520;-40,060800;60;60
ECO101 CONCESSIONARIA DE RODOVIAS S/A;2020;Controlador;BR-101;ES;151,239;Linhares;Principal;Decrescente;Ativo;;-19,413750;-40,066800;60;60
ECO101 CONCESSIONARIA DE RODOVIAS S/A;2020;Controlador;BR-101;ES;291,986;Cariacica;Principal;Crescente;Ativo;;-20,305690;-40,394940;60;60
ECO101 CONCESSIONARIA DE RODOVIAS S/A;2020;Controlador;BR-101;ES;296,230;Cariacica;Principal;Crescente;Ativo;;-20,342080;-40,405270;60;60
ECO101 CONCESSIONARIA DE RODOVIAS S/A;2020;Controlador;BR-101;ES;299,654;Viana;Principal;Crescente;Ativo;;-20,357300;-40,428080;60;60
ECO101 CONCESSIONARIA DE RODOVIAS S/A;2020;Controlador;BR-101;ES;357,738;Anchieta;Principal;Decrescente;Ativo;;-20,691940;-40,704270;60;60
ECO101 CONCESSIONARIA DE RODOVIAS S/A;2020;Controlador;BR-101;ES;370,557;Anchieta;Principal;Decrescente;Ativo;;-20,770860;-40,765550;60;60
ECO101 CONCESSIONARIA DE RODOVIAS S/A;2020;Controlador;BR-101;ES;429,643;Atilio Vivacqua;Principal;Decrescente;Ativo;;-21,028580;-41,164360;60;60
ECO101 CONCESSIONARIA DE RODOVIAS S/A;2020;Controlador;BR-101;ES;450,356;Mimoso do Sul;Principal;Decrescente;Ativo;;-21,148130;-41,271500;60;60
ECO101 CONCESSIONARIA DE RODOVIAS S/A;2020;Controlador;BR-101;ES;457,319;Mimoso do Sul;Principal;Crescente;Ativo;;-21,196490;-41,300110;60;60
ECO101 CONCESSIONARIA DE RODOVIAS S/A;2020;Controlador;BR-101;ES;457,908;Mimoso do Sul;Principal;Decrescente;Ativo;;-21,201800;-41,300830;60;60
ECOPONTE;2017;Controlador;BR-101;RJ;332,720;Niterói;Principal;Decrescente;Ativo;;-22,876172;-43,208744;80;80
ECOPONTE;2017;Controlador;BR-101;RJ;332,720;Niterói;Principal;Crescente;Ativo;;-22,876172;-43,208744;80;80
ECOPONTE;2017;Controlador;BR-101;RJ;329,900;Niterói;Principal;Decrescente;Ativo;;-22,868429;-43,185028;80;80
ECOPONTE;2017;Controlador;BR-101;RJ;329,900;Niterói;Principal;Crescente;Ativo;;-22,868429;-43,185028;80;80
ECOPONTE;2017;Controlador;BR-101;RJ;327,630;Niterói;Principal;Crescente;Ativo;;-22,870416;-43,163312;80;80
ECOPONTE;2017;Controlador;BR-101;RJ;325,940;Niterói;Principal;Decrescente;Ativo;;-22,871861;-43,147095;80;80
ECOPONTE;2017;Controlador;BR-101;RJ;323,700;Niterói;Principal;Decrescente;Ativo;;-22,873872;-43,125076;80;80
ECOPONTE;2017;Controlador;BR-101;RJ;323,700;Niterói;Principal;Crescente;Ativo;;-22,873872;-43,125076;80;80
NOVADUTRA;1999;Controlador;BR-116;RJ;330,100;Resende;Principal;Decrescente;Ativo;;-22,502203;-44,669347;110;90
NOVADUTRA;1999;Controlador;BR-116;RJ;326,950;Itatiaia;Principal;Crescente;Ativo;;-22,496861;-44,643333;110;90
NOVADUTRA;1999;Controlador;BR-116;RJ;300,000;Resende;Principal;Crescente;Ativo;;-22,455553;-44,395486;110;90
NOVADUTRA;1999;Controlador;BR-116;RJ;196,950;Queimados;Principal;Decrescente;Ativo;;-22,731875;-43,619308;110;90
NOVADUTRA;1999;Controlador;BR-116;RJ;190,400;Queimados;Principal;Crescente;Ativo;;-22,733075;-43,556856;110;90
NOVADUTRA;1999;Controlador;BR-116;RJ;167,700;São João de Meriti;Marginal;Crescente;Ativo;;-22,797667;-43,357919;90;90
NOVADUTRA;1999;Controlador;BR-116;RJ;165,400;Rio de Janeiro;Principal;Crescente;Ativo;;-22,808144;-43,339539;100;80
NOVADUTRA;1999;Controlador;BR-116;RJ;165,400;Rio de Janeiro;Principal;Decrescente;Ativo;;-22,808164;-43,338789;100;80
NOVADUTRA;1999;Controlador;BR-116;SP;229,050;São Paulo;Principal;Crescente;Ativo;;-23,510458;-46,573942;110;90
NOVADUTRA;1999;Controlador;BR-116;SP;226,050;Guarulhos;Marginal;Decrescente;Ativo;;-23,493294;-46,552217;90;90
NOVADUTRA;1999;Controlador;BR-116;SP;224,350;Guarulhos;Principal;Decrescente;Ativo;;-23,483692;-46,537947;110;90
NOVADUTRA;1999;Controlador;BR-116;SP;224,350;Guarulhos;Principal;Crescente;Ativo;;-23,483978;-46,538214;110;90
NOVADUTRA;1999;Controlador;BR-116;SP;224,350;Guarulhos;Marginal;Crescente;Ativo;;-23,484439;-46,538936;90;90
NOVADUTRA;1999;Controlador;BR-116;SP;219,670;Guarulhos;Marginal;Decrescente;Ativo;;-23,465306;-46,499017;90;90
NOVADUTRA;1999;Controlador;BR-116;SP;202,600;Arujá;Principal;Crescente;Ativo;;-23,413706;-46,363733;110;90
NOVADUTRA;1999;Controlador;BR-116;SP;197,540;Arujá;Principal;Decrescente;Ativo;;-23,398122;-46,296225;80;80
NOVADUTRA;1999;Controlador;BR-116;SP;192,800;Santa Isabel;Principal;Decrescente;Ativo;;-23,378906;-46,256247;110;90
NOVADUTRA;1999;Controlador;BR-116;SP;176,430;Guararema;Principal;Crescente;Ativo;;-23,321733;-46,111731;110;90
NOVADUTRA;1999;Controlador;BR-116;SP;161,000;Jacareí;Principal;Crescente;Ativo;;-23,274608;-45,973908;110;90
NOVADUTRA;1999;Controlador;BR-116;SP;159,380;Jacareí;Principal;Decrescente;Ativo;;-23,266775;-45,961300;110;90
NOVADUTRA;1999;Controlador;BR-116;SP;146,880;São José dos Campos;Principal;Decrescente;Ativo;;-23,194372;-45,869422;100;80
NOVADUTRA;1999;Controlador;BR-116;SP;143,560;São José dos Campos;Principal;Crescente;Ativo;;-23,179000;-45,839339;110;90
NOVADUTRA;1999;Controlador;BR-116;SP;130,500;Caçapava;Principal;Decrescente;Ativo;;-23,123228;-45,728028;110;90
NOVADUTRA;1999;Controlador;BR-116;SP;130,500;Caçapava;Principal;Crescente;Ativo;;-23,123056;-45,728156;110;90
NOVADUTRA;1999;Controlador;BR-116;SP;116,270;Taubaté;Principal;Crescente;Ativo;;-23,054478;-45,610689;110;90
NOVADUTRA;1999;Controlador;BR-116;SP;110,710;Taubaté;Principal;Decrescente;Ativo;;-23,038453;-45,559767;100;80
NOVADUTRA;1999;Controlador;BR-116;SP;94,300;Pindamonhangaba;Principal;Crescente;Ativo;;-22,961497;-45,423261;110;90
NOVADUTRA;1999;Controlador;BR-116;SP;92,240;Pindamonhangaba;Principal;Decrescente;Ativo;;-22,952789;-45,405394;110;90
NOVADUTRA;1999;Controlador;BR-116;SP;65,400;Guaratinguetá;Principal;Decrescente;Ativo;;-22,821919;-45,196869;100;80
NOVADUTRA;1999;Controlador;BR-116;SP;60,350;Guaratinguetá;Principal;Crescente;Ativo;;-22,792625;-45,163586;110;90
NOVADUTRA;1999;Controlador;BR-116;SP;53,970;Lorena;Principal;Decrescente;Ativo;;-22,757825;-45,114656;110;90
NOVADUTRA;1999;Controlador;BR-116;SP;27,600;Silveiras;Principal;Crescente;Ativo;;-22,622017;-44,909581;80;80
NOVADUTRA;1999;Controlador;BR-116;SP;22,300;Lavrinhas;Principal;Decrescente;Ativo;;-22,585211;-44,879494;80;80
NOVADUTRA;1999;Controlador;BR-116;RJ;191,300;Queimados;Principal;Decrescente;Ativo;;-22,730011;-43,565736;110;90
NOVADUTRA;1999;Controlador;BR-116;RJ;255,600;Piraí;Principal;Decrescente;Ativo;;-22,586206;-44,055903;110;90
NOVADUTRA;1999;Controlador;BR-116;RJ;244,700;Piraí;Principal;Crescente;Ativo;;-22,587061;-43,957775;100;80
NOVADUTRA;1999;Controlador;BR-116;RJ;242,200;Piraí;Principal;Decrescente;Ativo;;-22,599481;-43,942517;100;80
NOVADUTRA;1999;Controlador;BR-116;RJ;231,300;Piraí;Principal;Decrescente;Ativo;;-22,665003;-43,875861;100;80
NOVADUTRA;1999;Controlador;BR-116;RJ;228,100;Piraí;Principal;Crescente;Ativo;;-22,665797;-43,847864;80;80
NOVADUTRA;1999;Controlador;BR-116;RJ;225,100;Paracambi;Principal;Crescente;Ativo;;-22,653067;-43,832506;80;80
NOVADUTRA;1999;Controlador;BR-116;RJ;224,900;Paracambi;Principal;Decrescente;Ativo;;-22,668381;-43,827811;40;40
NOVADUTRA;1999;Controlador;BR-116;RJ;222,800;Paracambi;Principal;Decrescente;Ativo;;-22,679645;-43,838810;40;40
NOVADUTRA;1999;Controlador;BR-116;RJ;222,200;Paracambi;Principal;Decrescente;Ativo;;-22,680353;-43,836042;40;40
NOVADUTRA;1999;Controlador;BR-116;RJ;220,800;Piraí;Principal;Decrescente;Ativo;;-22,682905;-43,827066;40;40
NOVADUTRA;1999;Controlador;BR-116;RJ;219,800;Piraí;Principal;Crescente;Ativo;;-22,673075;-43,817658;80;80
NOVADUTRA;1999;Controlador;BR-116;RJ;209,100;Seropédica;Principal;Decrescente;Ativo;;-22,711969;-43,735439;110;90
NOVADUTRA;1999;Controlador;BR-116;RJ;185,050;Nova Iguaçu;Principal;Crescente;Ativo;;-22,744150;-43,508042;100;80
NOVADUTRA;1999;Controlador;BR-116;RJ;185,050;Nova Iguaçu;Principal;Decrescente;Ativo;;-22,743972;-43,507392;110;90
NOVADUTRA;1999;Controlador;BR-116;RJ;179,690;Nova Iguaçu;Principal;Crescente;Ativo;;-22,740747;-43,455939;100;80
NOVADUTRA;1999;Controlador;BR-116;RJ;179,690;Nova Iguaçu;Principal;Decrescente;Ativo;;-22,740608;-43,455636;100;80
NOVADUTRA;1999;Controlador;BR-116;RJ;176,250;Nova Iguaçu;Principal;Decrescente;Ativo;;-22,757958;-43,429764;100;80
NOVADUTRA;1999;Controlador;BR-116;RJ;174,500;Belford Roxo;Principal;Crescente;Ativo;;-22,765478;-43,414700;100;80
NOVADUTRA;1999;Controlador;BR-116;RJ;174,500;Belford Roxo;Principal;Decrescente;Ativo;;-22,766458;-43,413344;100;80
NOVADUTRA;1999;Controlador;BR-116;RJ;299,600;Resende;Principal;Decrescente;Ativo;;-22,455550;-44,392044;110;90
NOVADUTRA;1999;Controlador;BR-116;RJ;227,100;Piraí;Principal;Decrescente;Ativo;;-22,665702;-43,839252;40;40
NOVADUTRA;1999;Controlador;BR-116;RJ;270,610;Barra Mansa;Principal;Decrescente;Ativo;;-22,562394;-44,170667;80;80
NOVADUTRA;1999;Controlador;BR-116;RJ;270,330;Barra Mansa;Principal;Crescente;Ativo;;-22,562333;-44,167933;100;80
NOVADUTRA;1999;Controlador;BR-116;RJ;264,700;Barra Mansa;Principal;Crescente;Ativo;;-22,563753;-44,122114;100;80
VIA 040;2010;Controlador;BR-40;DF;2,000;Brasília;Principal;Crescente;Ativo;;-15,994078;-47,986100;80;80
VIA 040;2010;Controlador;BR-40;DF;4,700;Brasília;Principal;Decrescente;Ativo;;-16,018344;-47,980934;80;80
VIA 040;2010;Controlador;BR-40;GO;11,900;Luziânia;Principal;Crescente;Ativo;;-16,144233;-47,946132;80;80
VIA 040;2010;Controlador;BR-40;GO;12,800;Luziânia;Principal;Decrescente;Ativo;;-16,151776;-47,938900;80;80
VIA 040;2010;Controlador;BR-40;MG;525,900;Contagem;Principal;Decrescente;Ativo;;-19,893179;-44,049811;110;90
VIA 040;2010;Controlador;BR-40;MG;527,200;Contagem;Principal;Decrescente;Ativo;;-19,904001;-44,048680;110;90
VIA 040;2010;Controlador;BR-40;MG;529,100;Contagem;Principal;Crescente;Ativo;;-19,918180;-44,039531;110;90
VIA 040;2010;Controlador;BR-40;MG;530,300;Contagem;Principal;Crescente;Ativo;;-19,919257;-44,030989;110;90
VIA 040;2010;Controlador;BR-40;MG;531,220;Belo Horizonte;Principal;Decrescente;Ativo;;-19,922010;-44,022183;110;90
VIA 040;2010;Controlador;BR-40;MG;531,800;Belo Horizonte;Principal;Crescente;Ativo;;-19,923580;-44,017749;110;90
VIA 040;2010;Controlador;BR-40;MG;534,000;Belo Horizonte;Principal;Crescente;Ativo;;-19,934738;-44,007665;110;90
VIA 040;2010;Controlador;BR-40;MG;534,250;Belo Horizonte;Principal;Decrescente;Ativo;;-19,936574;-44,007507;70;60
VIA 040;2010;Controlador;BR-40;MG;535,170;Belo Horizonte;Principal;Crescente;Ativo;;-19,945329;-44,008193;80;60
VIA 040;2010;Controlador;BR-40;MG;535,900;Belo Horizonte;Principal;Decrescente;Ativo;;-19,952277;-44,007077;70;60
VIA 040;2010;Controlador;BR-40;MG;537,500;Belo Horizonte;Principal;Crescente;Ativo;;-19,963001;-43,999243;80;60
VIA 040;2010;Controlador;BR-40;MG;538,200;Belo Horizonte;Principal;Crescente;Ativo;;-19,968113;-43,994641;70;60
VIA 040;2010;Controlador;BR-40;MG;539,000;Belo Horizonte;Principal;Crescente;Ativo;;-19,973105;-43,989851;70;60
VIA 040;2010;Controlador;BR-40;MG;540,500;Belo Horizonte;Principal;Decrescente;Ativo;;-19,983881;-43,981234;70;60
VIA 040;2010;Controlador;BR-40;MG;540,500;Belo Horizonte;Principal;Crescente;Ativo;;-19,983673;-43,982115;80;60
VIA 040;2010;Controlador;BR-40;MG;543,200;Belo Horizonte;Principal;Crescente;Ativo;;-19,995968;-43,961251;110;90
VIA BAHIA;2003;Controlador;BR-116;BA;673,800;Jequié;Principal;Crescente;Ativo;;-13,867111;-40,112888;60;60
VIA BAHIA;2003;Controlador;BR-116;BA;674,480;Jequié;Principal;Decrescente;Ativo;;-13,871750;-40,115361;60;60
VIA BAHIA;2003;Controlador;BR-116;BA;817,580;Vitória da Conquista;Principal;Crescente;Ativo;;-14,822305;-40,816194;60;60
VIA BAHIA;2003;Controlador;BR-116;BA;818,995;Vitória da Conquista;Principal;Decrescente;Ativo;;-14,828666;-40,828111;60;60
VIA BAHIA;2003;Controlador;BR-116;BA;828,220;Vitória da Conquista;Principal;Crescente;Ativo;;-14,895388;-40,865250;40;40
VIA BAHIA;2003;Controlador;BR-116;BA;909,600;Cândido Sales;Principal;Crescente;Ativo;;-15,512388;-41,236805;40;40
VIA BAHIA;2003;Controlador;BR-116;BA;909,980;Cândido Sales;Principal;Decrescente;Ativo;;-15,515277;-41,238138;40;40
