concessionaria;ano_do_pnv_snv;rodovia_uf;sentido;subtipo_de_pista;numero_de_faixas;km_m_inicial;latitude_inicial;latitude_final;km_m_final;longitude_inicial;longitude_final
AUTOPISTA FERNÃO DIAS;2007;Contorno/MG;Crescente;Dupla;2;0,000;-19,961277;-19,991458;7,400;-44,155936;-44,207061
AUTOPISTA FERNÃO DIAS;2007;Contorno/MG;Decrescente;Dupla;2;7,400;-19,992136;-19,961859;0,000;-44,206809;-44,155712
AUTOPISTA FERNÃO DIAS;2007;Alça 1/SP;Decrescente;Simples;1;68,150;-23,343481;-23,336109;67,500;-46,572560;-46,575398
AUTOPISTA FLUMINENSE;2019;BR-101/RJ;Crescente;Simples;1;0,000;-21,222705;-21,507641;34,925;-41,309549;-41,337063
AUTOPISTA FLUMINENSE;2019;BR-101/RJ;Crescente;Dupla;2;34,926;-21,507641;-21,519027;36,265;-41,337063;-41,334100
AUTOPISTA FLUMINENSE;2019;BR-101/RJ;Crescente;Simples;1;36,266;-21,519027;-21,821190;84,600;-41,334100;-41,475654
AUTOPISTA FLUMINENSE;2019;BR-101/RJ;Crescente;Dupla;2;84,601;-21,821190;-22,217086;144,600;-41,475654;-41,757511
AUTOPISTA FLUMINENSE;2019;BR-101/RJ;Crescente;Simples;1;144,601;-22,217086;-22,464814;190,300;-41,757511;-42,068087
AUTOPISTA FLUMINENSE;2019;BR-101/RJ;Crescente;Dupla;2;190,301;-22,464814;-22,475474;205,090;-42,068087;-42,189493
AUTOPISTA FLUMINENSE;2019;BR-101/RJ;Crescente;Simples;1;205,091;-22,475474;-22,481995;208,800;-42,189493;-42,224202
AUTOPISTA FLUMINENSE;2019;BR-101/RJ;Crescente;Dupla;2;208,801;-22,481995;-22,504532;215,065;-42,224202;-42,272413
AUTOPISTA FLUMINENSE;2019;BR-101/RJ;Crescente;Simples;1;215,066;-22,504532;-22,506773;217,975;-42,272413;-42,298027
AUTOPISTA FLUMINENSE;2019;BR-101/RJ;Crescente;Dupla;2;217,976;-22,506773;-22,610794;236,180;-42,298027;-42,405946
AUTOPISTA FLUMINENSE;2019;BR-101/RJ;Crescente;Simples;1;236,181;-22,610794;-22,614155;236,905;-42,405946;-42,411728
AUTOPISTA FLUMINENSE;2019;BR-101/RJ;Crescente;Dupla;2;236,906;-22,614155;-22,711412;261,120;-42,411728;-42,612582
AUTOPISTA FLUMINENSE;2019;BR-101/RJ;Crescente;Simples;1;261,121;-22,711412;-22,713340;261,785;-42,612582;-42,618407
AUTOPISTA FLUMINENSE;2019;BR-101/RJ;Crescente;Dupla;2;261,786;-22,713340;-22,861824;320,265;-42,618407;-43,107339
AUTOPISTA FLUMINENSE;2019;BR-101/RJ;Crescente;Multifaixa;3;320,266;-22,861824;-22,864836;320,599;-43,107339;-43,107906
AUTOPISTA FLUMINENSE;2019;BR-101/RJ;Crescente;Multifaixa;4;320,600;-22,864842;-22,877779;322,100;-43,107909;-43,110698
AUTOPISTA FLUMINENSE;2019;BR-101/RJ;Decrescente;Simples;1;0,000;-21,222705;-21,831434;81,380;-41,309549;-41,450566
AUTOPISTA FLUMINENSE;2019;BR-101/RJ;Decrescente;Dupla;2;81,381;-21,831434;-21,822270;82,905;-41,450566;-41,459892
AUTOPISTA FLUMINENSE;2019;BR-101/RJ;Decrescente;Simples;1;82,906;-21,822270;-21,821260;84,600;-41,459892;-41,476153
AUTOPISTA FLUMINENSE;2019;BR-101/RJ;Decrescente;Dupla;2;84,601;-21,821260;-22,216882;144,600;-41,476153;-41,757085
AUTOPISTA FLUMINENSE;2019;BR-101/RJ;Decrescente;Simples;1;144,601;-22,216882;-22,464940;190,300;-41,757085;-42,068396
AUTOPISTA FLUMINENSE;2019;BR-101/RJ;Decrescente;Dupla;2;190,301;-22,464940;-22,475643;205,185;-42,068396;-42,190377
AUTOPISTA FLUMINENSE;2019;BR-101/RJ;Decrescente;Simples;1;205,186;-22,475643;-22,482143;208,200;-42,190377;-42,225316
AUTOPISTA FLUMINENSE;2019;BR-101/RJ;Decrescente;Dupla;2;208,201;-22,482143;-22,506055;215,435;-42,225316;-42,275487
AUTOPISTA FLUMINENSE;2019;BR-101/RJ;Decrescente;Simples;1;215,436;-22,506055;-22,507891;218,235;-42,275487;-42,300250
AUTOPISTA FLUMINENSE;2019;BR-101/RJ;Decrescente;Dupla;2;218,236;-22,507891;-22,611359;236,275;-42,300250;-42,406736
AUTOPISTA FLUMINENSE;2019;BR-101/RJ;Decrescente;Simples;1;236,276;-22,611359;-22,614984;237,000;-42,406736;-42,412953
AUTOPISTA FLUMINENSE;2019;BR-101/RJ;Decrescente;Dupla;2;237,001;-22,614984;-22,861293;320,195;-42,412953;-43,107033
AUTOPISTA FLUMINENSE;2019;BR-101/RJ;Decrescente;Multifaixa;3;320,196;-22,861293;-22,877788;322,100;-43,107033;-43,110571
AUTOPISTA LITORAL SUL;2009;BR-101/SC;Crescente;Multifaixa;3;230,000;-27,776564;-27,788436;231,399;-48,634697;-48,636516
AUTOPISTA LITORAL SUL;2009;BR-101/SC;Crescente;Dupla;2;231,400;-27,788437;-27,902641;244,680;-48,636517;-48,649209
AUTOPISTA LITORAL SUL;2009;BR-101/SC;Decrescente;Dupla;2;244,680;-27,902648;-27,719085;223,301;-48,648972;-48,646510
AUTOPISTA LITORAL SUL;2009;BR-101/SC;Decrescente;Multifaixa;3;223,300;-27,719086;-27,712590;222,401;-48,646511;-48,650752
AUTOPISTA LITORAL SUL;2009;BR-101/SC;Decrescente;Dupla;2;222,400;-27,712591;-27,085814;145,801;-48,650753;-48,607898
AUTOPISTA LITORAL SUL;2009;BR-101/SC;Decrescente;Multifaixa;3;145,800;-27,085815;-27,080684;144,901;-48,607899;-48,600726
AUTOPISTA LITORAL SUL;2009;BR-101/SC;Decrescente;Dupla;2;144,900;-27,080685;-26,385545;49,501;-48,600727;-48,847571
AUTOPISTA LITORAL SUL;2009;BR-101/SC;Decrescente;Multifaixa;3;49,500;-26,385546;-26,381303;48,801;-48,847572;-48,851645
AUTOPISTA LITORAL SUL;2009;BR-101/SC;Decrescente;Dupla;2;48,800;-26,381304;-26,355109;45,701;-48,851646;-48,858806
AUTOPISTA LITORAL SUL;2009;BR-101/SC;Decrescente;Multifaixa;3;45,700;-26,355110;-26,348954;45,001;-48,858807;-48,857322
AUTOPISTA LITORAL SUL;2009;BR-101/SC;Decrescente;Dupla;2;45,000;-26,348955;-25,981135;0,000;-48,857323;-48,886793
AUTOPISTA LITORAL SUL;2009;BR-116/PR;Crescente;Dupla;2;71,100;-25,344021;-25,528096;95,099;-49,043320;-49,141429
AUTOPISTA LITORAL SUL;2009;BR-116/PR;Crescente;Multifaixa;3;95,100;-25,528097;-25,532985;95,799;-49,141430;-49,145823
AUTOPISTA LITORAL SUL;2009;BR-116/PR;Crescente;Dupla;2;95,800;-25,532986;-25,544032;115,200;-49,145824;-49,304237
AUTOPISTA LITORAL SUL;2009;BR-116/PR;Decrescente;Dupla;2;115,200;-25,544180;-25,570289;105,901;-49,304298;-49,217399
AUTOPISTA LITORAL SUL;2009;BR-116/PR;Decrescente;Multifaixa;3;105,900;-25,570290;-25,571929;104,601;-49,217400;-49,204577
AUTOPISTA LITORAL SUL;2009;BR-116/PR;Decrescente;Dupla;2;104,600;-25,571930;-25,344049;71,100;-49,204578;-49,043156
AUTOPISTA LITORAL SUL;2009;BR-101/SC;Crescente;Dupla;2;0,000;-25,981070;-26,348746;44,999;-48,886704;-48,857348
AUTOPISTA LITORAL SUL;2009;BR-101/SC;Crescente;Multifaixa;3;45,000;-26,348747;-26,353124;45,499;-48,857349;-48,858558
AUTOPISTA LITORAL SUL;2009;BR-101/SC;Crescente;Dupla;2;45,500;-26,353125;-27,026273;138,299;-48,858559;-48,606421
AUTOPISTA LITORAL SUL;2009;BR-101/SC;Crescente;Multifaixa;3;138,300;-27,026274;-27,057877;142,299;-48,606422;-48,597693
AUTOPISTA LITORAL SUL;2009;BR-101/SC;Crescente;Dupla;2;142,300;-27,057878;-27,081208;144,999;-48,597694;-48,601146
AUTOPISTA LITORAL SUL;2009;BR-101/SC;Crescente;Multifaixa;3;145,000;-27,081209;-27,085538;145,799;-48,601147;-48,607539
AUTOPISTA LITORAL SUL;2009;BR-101/SC;Crescente;Dupla;2;145,800;-27,085539;-27,568482;203,399;-48,607540;-48,613975
AUTOPISTA LITORAL SUL;2009;BR-101/SC;Crescente;Multifaixa;3;203,400;-27,568483;-27,654822;215,399;-48,613976;-48,678145
AUTOPISTA LITORAL SUL;2009;BR-101/SC;Crescente;Dupla;2;215,400;-27,654823;-27,708360;221,799;-48,678146;-48,656299
AUTOPISTA LITORAL SUL;2009;BR-101/SC;Crescente;Multifaixa;3;221,800;-27,708361;-27,714150;222,699;-48,656300;-48,649772
AUTOPISTA LITORAL SUL;2009;BR-101/SC;Crescente;Dupla;2;222,700;-27,714151;-27,776563;229,999;-48,649773;-48,634696
AUTOPISTA PLANALTO SUL;2017;BR-116/PR;Crescente;Dupla;2;115,000;-25,541951;-25,787513;142,700;-49,302827;-49,326675
AUTOPISTA PLANALTO SUL;2017;BR-116/PR;Decrescente;Dupla;2;115,000;-25,541951;-25,787513;142,700;-49,302827;-49,326675
AUTOPISTA PLANALTO SUL;2017;BR-116/PR;Crescente;Simples;1;142,701;-25,787513;-26,108853;211,800;-49,326675;-49,784141
AUTOPISTA PLANALTO SUL;2017;BR-116/PR;Decrescente;Simples;1;142,701;-25,787513;-26,108853;211,800;-49,326675;-49,784141
AUTOPISTA PLANALTO SUL;2017;BR-116/SC;Crescente;Simples;1;0,000;-26,109172;-28,208807;310,240;-49,784422;-50,758695
AUTOPISTA PLANALTO SUL;2017;BR-116/SC;Decrescente;Simples;1;0,000;-26,109172;-28,208807;310,240;-49,784422;-50,758695
AUTOPISTA REGIS BITTENCOURT;2017;BR-116/SP;Crescente;Dupla;3;268,900;-23,607671;-23,617042;273,470;-46,752247;-46,793081
AUTOPISTA REGIS BITTENCOURT;2017;BR-116/SP;Crescente;Dupla;2;273,471;-23,617042;-23,637246;278,700;-46,793081;-46,833628
AUTOPISTA REGIS BITTENCOURT;2017;BR-116/SP;Crescente;Dupla;3;278,701;-23,637246;-23,641506;279,300;-46,833628;-46,837182
AUTOPISTA REGIS BITTENCOURT;2017;BR-116/SP;Crescente;Dupla;2;279,301;-23,641506;-23,780182;297,800;-46,837182;-46,915774
AUTOPISTA REGIS BITTENCOURT;2017;BR-116/SP;Crescente;Dupla;3;297,801;-23,780182;-23,783370;298,200;-46,915774;-46,914454
AUTOPISTA REGIS BITTENCOURT;2017;BR-116/SP;Crescente;Dupla;2;298,201;-23,783370;-23,820175;303,000;-46,914454;-46,924788
AUTOPISTA REGIS BITTENCOURT;2017;BR-116/SP;Crescente;Dupla;3;303,001;-23,820175;-23,828568;304,000;-46,924788;-46,926948
AUTOPISTA REGIS BITTENCOURT;2017;BR-116/SP;Crescente;Dupla;2;304,001;-23,828568;-24,048677;347,160;-46,926948;-47,198641
AUTOPISTA REGIS BITTENCOURT;2017;BR-116/SP;Crescente;Dupla;3;347,161;-24,048677;-24,051800;348,900;-47,198641;-47,213281
AUTOPISTA REGIS BITTENCOURT;2017;BR-116/SP;Crescente;Dupla;2;348,901;-24,051800;-24,143192;366,000;-47,213281;-47,285828
AUTOPISTA REGIS BITTENCOURT;2017;BR-116/SP;Crescente;Dupla;2;366,001;-24,143192;-24,314717;402,300;-47,285828;-47,522154
AUTOPISTA REGIS BITTENCOURT;2017;BR-116/SP;Crescente;Dupla;3;402,301;-24,314717;-24,317820;403,180;-47,522154;-47,529777
AUTOPISTA REGIS BITTENCOURT;2017;BR-116/SP;Crescente;Dupla;2;403,181;-24,317820;-24,333595;411,000;-47,529777;-47,600769
AUTOPISTA REGIS BITTENCOURT;2017;BR-116/SP;Crescente;Dupla;3;411,001;-24,333595;-24,331112;412,200;-47,600769;-47,611946
AUTOPISTA REGIS BITTENCOURT;2017;BR-116/SP;Crescente;Dupla;2;412,201;-24,331112;-24,390944;427,100;-47,611946;-47,723195
AUTOPISTA REGIS BITTENCOURT;2017;BR-116/SP;Crescente;Dupla;3;427,101;-24,390944;-24,394428;427,580;-47,723195;-47,725727
AUTOPISTA REGIS BITTENCOURT;2017;BR-116/SP;Crescente;Dupla;2;427,581;-24,394428;-24,606972;459,180;-47,725727;-47,879681
AUTOPISTA REGIS BITTENCOURT;2017;BR-116/SP;Crescente;Dupla;3;459,181;-24,606972;-24,610529;459,700;-47,879681;-47,883013
AUTOPISTA REGIS BITTENCOURT;2017;BR-116/SP;Crescente;Dupla;2;459,701;-24,610529;-24,616174;460,600;-47,883013;-47,888931
AUTOPISTA REGIS BITTENCOURT;2017;BR-116/SP;Crescente;Dupla;3;460,601;-24,616174;-24,619093;461,080;-47,888931;-47,891995
AUTOPISTA REGIS BITTENCOURT;2017;BR-116/SP;Crescente;Dupla;2;461,081;-24,619093;-24,777168;498,000;-47,891995;-48,172058
AUTOPISTA REGIS BITTENCOURT;2017;BR-116/SP;Crescente;Dupla;3;498,001;-24,777168;-24,915080;523,350;-48,172058;-48,255080
AUTOPISTA REGIS BITTENCOURT;2017;BR-116/SP;Crescente;Dupla;2;523,351;-24,915080;-24,960887;543,500;-48,255080;-48,416315
AUTOPISTA REGIS BITTENCOURT;2017;BR-116/SP;Crescente;Dupla;3;543,501;-24,960887;-25,001741;558,350;-48,416315;-48,508632
AUTOPISTA REGIS BITTENCOURT;2017;BR-116/SP;Crescente;Dupla;2;558,351;-25,001741;-25,036062;565,000;-48,508632;-48,545789
AUTOPISTA REGIS BITTENCOURT;2017;BR-116/SP;Crescente;Dupla;3;565,001;-25,036062;-25,042735;566,150;-48,545789;-48,553244
AUTOPISTA REGIS BITTENCOURT;2017;BR-116/SP;Crescente;Dupla;2;566,151;-25,042735;-25,059796;569,100;-48,553244;-48,561727
AUTOPISTA REGIS BITTENCOURT;2017;BR-116/SP;Decrescente;Dupla;2;569,100;-25,059796;-25,050587;566,601;-48,561727;-48,549410
AUTOPISTA REGIS BITTENCOURT;2017;BR-116/SP;Decrescente;Dupla;3;566,600;-25,050587;-25,047335;565,851;-48,549410;-48,544886
AUTOPISTA REGIS BITTENCOURT;2017;BR-116/SP;Decrescente;Dupla;2;565,850;-25,047335;-25,019606;560,801;-48,544886;-48,515071
AUTOPISTA REGIS BITTENCOURT;2017;BR-116/SP;Decrescente;Dupla;3;560,800;-25,019606;-25,005731;558,801;-48,515071;-48,507804
AUTOPISTA REGIS BITTENCOURT;2017;BR-116/SP;Decrescente;Dupla;2;558,800;-25,005731;-24,968726;552,301;-48,507804;-48,483912
AUTOPISTA REGIS BITTENCOURT;2017;BR-116/SP;Decrescente;Dupla;3;552,300;-24,968726;-24,967641;552,001;-48,483912;-48,481194
AUTOPISTA REGIS BITTENCOURT;2017;BR-116/SP;Decrescente;Dupla;2;552,000;-24,967641;-24,966428;549,201;-48,481194;-48,460238
AUTOPISTA REGIS BITTENCOURT;2017;BR-116/SP;Decrescente;Dupla;3;549,200;-24,966428;-24,967389;548,201;-48,460238;-48,452491
AUTOPISTA REGIS BITTENCOURT;2017;BR-116/SP;Decrescente;Dupla;2;548,200;-24,967389;-24,120978;361,501;-48,452491;-47,268100
AUTOPISTA REGIS BITTENCOURT;2017;BR-116/SP;Decrescente;Dupla;3;361,500;-24,120978;-24,028937;343,601;-47,268100;-47,176126
AUTOPISTA REGIS BITTENCOURT;2017;BR-116/SP;Decrescente;Dupla;2;343,600;-24,028937;-24,018253;342,201;-47,176126;-47,169882
AUTOPISTA REGIS BITTENCOURT;2017;BR-116/SP;Decrescente;Dupla;3;342,200;-24,018253;-24,007730;340,501;-47,169882;-47,159494
AUTOPISTA REGIS BITTENCOURT;2017;BR-116/SP;Decrescente;Dupla;2;340,500;-24,007730;-24,004343;340,101;-47,159494;-47,158152
AUTOPISTA REGIS BITTENCOURT;2017;BR-116/SP;Decrescente;Dupla;3;340,100;-24,004343;-23,978226;336,401;-47,158152;-47,144596
AUTOPISTA REGIS BITTENCOURT;2017;BR-116/SP;Decrescente;Dupla;2;336,400;-23,978226;-23,876979;311,401;-47,144596;-46,967722
AUTOPISTA REGIS BITTENCOURT;2017;BR-116/SP;Decrescente;Dupla;3;311,400;-23,876979;-23,870613;310,251;-46,967722;-46,959475
AUTOPISTA REGIS BITTENCOURT;2017;BR-116/SP;Decrescente;Dupla;2;310,250;-23,870613;-23,847555;306,601;-46,959475;-46,937824
AUTOPISTA REGIS BITTENCOURT;2017;BR-116/SP;Decrescente;Dupla;3;306,600;-23,847555;-23,826735;303,741;-46,937824;-46,926008
AUTOPISTA REGIS BITTENCOURT;2017;BR-116/SP;Decrescente;Dupla;2;303,740;-23,826735;-23,817883;302,701;-46,926008;-46,924187
AUTOPISTA REGIS BITTENCOURT;2017;BR-116/SP;Decrescente;Dupla;3;302,700;-23,817883;-23,801191;300,401;-46,924187;-46,916940
AUTOPISTA REGIS BITTENCOURT;2017;BR-116/SP;Decrescente;Dupla;2;300,400;-23,801191;-23,799643;300,201;-46,916940;-46,915929
AUTOPISTA REGIS BITTENCOURT;2017;BR-116/SP;Decrescente;Dupla;3;300,200;-23,799643;-23,789620;299,001;-46,915929;-46,914224
AUTOPISTA REGIS BITTENCOURT;2017;BR-116/SP;Decrescente;Dupla;2;299,000;-23,789620;-23,610972;271,401;-46,914224;-46,774641
AUTOPISTA REGIS BITTENCOURT;2017;BR-116/SP;Decrescente;Dupla;3;271,400;-23,610972;-23,607813;268,900;-46,774641;-46,752180
AUTOPISTA REGIS BITTENCOURT;2017;BR-116/PR;Crescente;Dupla;3;0,000;-25,060038;-25,062885;0,900;-48,562347;-48,569165
AUTOPISTA REGIS BITTENCOURT;2017;BR-116/PR;Crescente;Dupla;2;0,901;-25,062885;-25,082078;8,300;-48,569165;-48,626972
AUTOPISTA REGIS BITTENCOURT;2017;BR-116/PR;Crescente;Dupla;3;8,301;-25,082078;-25,083434;8,800;-48,626972;-48,631677
AUTOPISTA REGIS BITTENCOURT;2017;BR-116/PR;Crescente;Dupla;2;8,801;-25,083434;-25,101716;31,000;-48,631677;-48,831098
AUTOPISTA REGIS BITTENCOURT;2017;BR-116/PR;Crescente;Dupla;3;31,001;-25,101716;-25,105210;32,150;-48,831098;-48,841678
AUTOPISTA REGIS BITTENCOURT;2017;BR-116/PR;Crescente;Dupla;2;32,151;-25,105210;-25,131586;35,900;-48,841678;-48,857319
AUTOPISTA REGIS BITTENCOURT;2017;BR-116/PR;Crescente;Dupla;3;35,901;-25,131586;-25,136133;36,400;-48,857319;-48,857146
AUTOPISTA REGIS BITTENCOURT;2017;BR-116/PR;Crescente;Dupla;2;36,401;-25,136133;-25,344301;71,100;-48,857146;-49,043480
AUTOPISTA REGIS BITTENCOURT;2017;CW-116/PR;Crescente;Dupla;2;0,000;-25,345555;-25,388970;18,500;-49,044907;-49,198031
AUTOPISTA REGIS BITTENCOURT;2017;CW-116/PR;Decrescente;Dupla;2;18,500;-25,389027;-25,345555;0,000;-49,198033;-49,044907
AUTOPISTA REGIS BITTENCOURT;2017;BR-116/PR;Decrescente;Dupla;2;71,100;-25,344301;-25,175944;41,401;-49,043480;-48,872651
AUTOPISTA REGIS BITTENCOURT;2017;BR-116/PR;Decrescente;Dupla;3;41,400;-25,175944;-25,173187;40,801;-48,872651;-48,867925
AUTOPISTA REGIS BITTENCOURT;2017;BR-116/PR;Decrescente;Dupla;2;40,800;-25,173187;-25,166097;39,901;-48,867925;-48,863882
AUTOPISTA REGIS BITTENCOURT;2017;BR-116/PR;Decrescente;Dupla;3;39,900;-25,166097;-25,147360;37,701;-48,863882;-48,858874
AUTOPISTA REGIS BITTENCOURT;2017;BR-116/PR;Decrescente;Dupla;2;37,700;-25,147360;-25,108365;31,261;-48,858874;-48,830125
AUTOPISTA REGIS BITTENCOURT;2017;BR-116/PR;Decrescente;Dupla;3;31,260;-25,108365;-25,110512;29,701;-48,830125;-48,816244
AUTOPISTA REGIS BITTENCOURT;2017;BR-116/PR;Decrescente;Dupla;2;29,700;-25,110512;-25,111122;28,001;-48,816244;-48,802120
AUTOPISTA REGIS BITTENCOURT;2017;BR-116/PR;Decrescente;Dupla;3;28,000;-25,111122;-25,109904;27,301;-48,802120;-48,795749
AUTOPISTA REGIS BITTENCOURT;2017;BR-116/PR;Decrescente;Dupla;2;27,300;-25,109904;-25,109745;26,201;-48,795749;-48,786098
AUTOPISTA REGIS BITTENCOURT;2017;BR-116/PR;Decrescente;Dupla;3;26,200;-25,109745;-25,111606;25,601;-48,786098;-48,780735
AUTOPISTA REGIS BITTENCOURT;2017;BR-116/PR;Decrescente;Dupla;2;25,600;-25,111606;-25,111677;25,361;-48,780735;-48,778358
AUTOPISTA REGIS BITTENCOURT;2017;BR-116/PR;Decrescente;Dupla;3;25,360;-25,111677;-25,111875;24,701;-48,778358;-48,771786
AUTOPISTA REGIS BITTENCOURT;2017;BR-116/PR;Decrescente;Dupla;2;24,700;-25,111875;-25,060032;0,000;-48,771786;-48,562334
CATARINENSE HOLDING;2020;BR-101/SC;Crescente;Dupla;2;245,000;-27,901630;-28,274449;289,180;-48,648965;-48,699201
CATARINENSE HOLDING;2020;BR-101/SC;Crescente;Dupla;3;289,181;-28,274929;-28,284900;290,360;-48,699898;-48,703928
CATARINENSE HOLDING;2020;BR-101/SC;Crescente;Dupla;2;290,361;-28,284900;-28,674942;361,430;-48,703928;-49,125660
CATARINENSE HOLDING;2020;BR-101/SC;Crescente;Dupla;3;361,431;-28,675205;-28,676597;362,230;-49,125651;-49,133646
CATARINENSE HOLDING;2020;BR-101/SC;Crescente;Dupla;2;362,231;-28,676791;-28,695923;366,750;-49,133524;-49,174522
CATARINENSE HOLDING;2020;BR-101/SC;Crescente;Dupla;3;366,751;-28,695923;-28,697629;367,560;-49,174522;-49,181996
CATARINENSE HOLDING;2020;BR-101/SC;Crescente;Dupla;2;367,561;-28,697606;-29,298990;464,285;-49,182045;-49,769450
CATARINENSE HOLDING;2020;BR-101/SC;Decrescente;Dupla;2;464,285;-29,298990;-28,493291;337,531;-49,769450;-49,041004
CATARINENSE HOLDING;2020;BR-101/SC;Decrescente;Dupla;3;337,530;-28,493300;-28,485125;336,521;-49,041099;-49,037043
CATARINENSE HOLDING;2020;BR-101/SC;Decrescente;Dupla;2;336,520;-28,485073;-28,252048;286,621;-49,036658;-48,701825
CATARINENSE HOLDING;2020;BR-101/SC;Decrescente;Dupla;3;286,620;-28,252153;-28,251342;286,501;-48,701950;-48,701493
CATARINENSE HOLDING;2020;BR-101/SC;Decrescente;Dupla;4;286,500;-28,251319;-28,247097;285,901;-48,701500;-48,700212
CATARINENSE HOLDING;2020;BR-101/SC;Decrescente;Dupla;2;285,900;-28,247102;-28,027769;260,771;-48,700214;-48,703571
CATARINENSE HOLDING;2020;BR-101/SC;Decrescente;Dupla;3;260,770;-28,027769;-28,022612;260,031;-48,703571;-48,699596
CATARINENSE HOLDING;2020;BR-101/SC;Decrescente;Dupla;2;260,030;-28,022612;-28,011051;258,561;-48,699596;-48,693941
CATARINENSE HOLDING;2020;BR-101/SC;Decrescente;Dupla;3;258,560;-28,011058;-28,004162;257,661;-48,693861;-48,691632
CATARINENSE HOLDING;2020;BR-101/SC;Decrescente;Dupla;2;257,660;-28,004162;-27,901780;245,000;-48,691632;-48,648894
CONCEBRA;2017;BR-60/DF;Decrescente;Dupla;2;0,000;-15,882437;-15,900774;6,800;-48,060120;-48,120866
CONCEBRA;2017;BR-60/DF;Crescente;Dupla;2;0,000;-15,882310;-15,900399;6,800;-48,060165;-48,121148
CONCEBRA;2017;BR-60/DF;Decrescente;Dupla;3;6,801;-15,900774;-15,907107;9,200;-48,120866;-48,141773
CONCEBRA;2017;BR-60/DF;Crescente;Dupla;2;6,801;-15,900399;-16,052300;31,900;-48,121148;-48,259800
CONCEBRA;2017;BR-60/DF;Decrescente;Dupla;2;9,201;-15,907107;-16,052350;31,900;-48,141773;-48,259700
CONCEBRA;2017;BR-60/GO;Decrescente;Dupla;2;0,000;-16,052300;-16,114075;24,470;-48,259800;-48,439858
CONCEBRA;2017;BR-60/GO;Crescente;Dupla;2;0,000;-16,052350;-16,113935;24,470;-48,259700;-48,439794
CONCEBRA;2017;BR-60/GO;Decrescente;Dupla;3;24,471;-16,114075;-16,102000;27,090;-48,439858;-48,459800
CONCEBRA;2017;BR-60/GO;Crescente;Dupla;3;24,471;-16,113935;-16,101800;27,090;-48,439794;-48,459800
CONCEBRA;2017;BR-60/GO;Decrescente;Dupla;2;27,091;-16,102000;-16,141100;45,900;-48,459800;-48,598600
CONCEBRA;2017;BR-60/GO;Crescente;Dupla;2;27,091;-16,101800;-16,101214;27,440;-48,459800;-48,464023
CONCEBRA;2017;BR-60/GO;Crescente;Dupla;3;27,441;-16,101214;-16,100406;28,320;-48,464023;-48,470330
CONCEBRA;2017;BR-60/GO;Crescente;Dupla;2;28,321;-16,100406;-16,620741;139,000;-48,470330;-49,206376
CONCEBRA;2017;BR-60/GO;Decrescente;Dupla;3;45,901;-16,141100;-16,146500;47,050;-48,598600;-48,604700
CONCEBRA;2017;BR-60/GO;Decrescente;Dupla;2;47,051;-16,146500;-16,245345;69,770;-48,604700;-48,761122
CONCEBRA;2017;BR-60/GO;Decrescente;Dupla;3;69,771;-16,245345;-16,263001;71,880;-48,761122;-48,763553
CONCEBRA;2017;BR-60/GO;Decrescente;Dupla;2;71,881;-16,263001;-16,282600;76,070;-48,763553;-48,793400
CONCEBRA;2017;BR-60/GO;Decrescente;Dupla;3;76,071;-16,282600;-16,296847;78,030;-48,793400;-48,804112
CONCEBRA;2017;BR-60/GO;Decrescente;Dupla;2;78,031;-16,296847;-16,412668;104,200;-48,804112;-49,003691
CONCEBRA;2017;BR-60/GO;Decrescente;Dupla;3;104,201;-16,412668;-16,418490;105,300;-49,003691;-49,010450
CONCEBRA;2017;BR-60/GO;Decrescente;Dupla;2;105,301;-16,418490;-16,484800;118,050;-49,010450;-49,093460
CONCEBRA;2017;BR-60/GO;Decrescente;Dupla;3;118,051;-16,484800;-16,499916;119,740;-49,093460;-49,108437
CONCEBRA;2017;BR-60/GO;Decrescente;Dupla;2;119,741;-16,499916;-16,581580;133,200;-49,108437;-49,179880
CONCEBRA;2017;BR-60/GO;Decrescente;Dupla;3;133,201;-16,581580;-16,589900;135,200;-49,179880;-49,194700
CONCEBRA;2017;BR-60/GO;Decrescente;Dupla;2;135,201;-16,589900;-16,620740;139,000;-49,194700;-49,206350
CONCER;2016;BR-40/MG;Crescente;Dupla;2;773,500;-21,642391;-22,011002;828,700;-43,436695;-43,267719
CONCER;2016;BR-40/MG;Decrescente;Dupla;2;828,700;-22,011008;-21,642391;773,500;-43,267484;-43,436695
CONCER;2016;BR-40/RJ;Crescente;Dupla;2;0,000;-22,011290;-22,701096;112,000;-43,266851;-43,290412
CONCER;2016;BR-40/RJ;Crescente;Dupla;4;112,001;-22,701096;-22,746770;117,000;-43,290412;-43,288028
CONCER;2016;BR-40/RJ;Crescente;Dupla;3;117,001;-22,746770;-22,807883;124,200;-43,288028;-43,289204
CONCER;2016;BR-40/RJ;Crescente;Dupla;2;124,201;-22,807883;-22,814647;125,200;-43,289204;-43,288197
CONCER;2016;BR-40/RJ;Decrescente;Dupla;2;125,200;-22,815556;-22,807856;124,201;-43,287103;-43,288960
CONCER;2016;BR-40/RJ;Decrescente;Dupla;3;124,200;-22,807856;-22,755475;118,001;-43,288960;-43,286953
CONCER;2016;BR-40/RJ;Decrescente;Dupla;4;118,000;-22,755475;-22,728425;115,001;-43,286953;-43,288809
CONCER;2016;BR-40/RJ;Decrescente;Dupla;3;115,000;-22,728425;-22,674645;109,001;-43,288809;-43,286043
CONCER;2016;BR-40/RJ;Decrescente;Dupla;2;109,000;-22,674645;-22,011290;0,000;-43,286043;-43,266851
CONCESSIONARIA ECOVIAS DO ARAGUAIA S.A.;2021;BR-80/GO;Decrescente;Simples;1;94,300;-15,208278;-14,635420;181,050;-48,699896;-49,176259
CONCESSIONARIA ECOVIAS DO ARAGUAIA S.A.;2021;BR-80/GO;Crescente;Simples;1;94,300;-15,208278;-14,635420;181,050;-48,699896;-49,176259
CRO;2016;BR-70/MT;Crescente;Simples;1;495,900;-15,650196;-15,650247;524,000;-55,999800;-56,194832
CRO;2016;BR-70/MT;Decrescente;Simples;1;495,900;-15,650196;-15,650247;524,000;-55,999800;-56,194832
CRT;2017;BR-116/RJ;Crescente;Simples;1;1,700;-21,880410;-21,883558;2,100;-42,681468;-42,680325
CRT;2017;BR-116/RJ;Crescente;Simples;1;2,101;-21,883558;-22,532336;104,100;-42,680325;-42,994786
CRT;2017;BR-116/RJ;Crescente;Dupla;2;104,101;-22,532358;-22,673125;144,600;-42,994817;-43,286563
CRT;2017;BR-116/RJ;Decrescente;Dupla;2;144,600;-22,673125;-22,532994;104,201;-43,286563;-42,994107
CRT;2017;BR-116/RJ;Decrescente;Simples;2;104,200;-22,532994;-22,476678;94,001;-42,994107;-42,995828
CRT;2017;BR-116/RJ;Decrescente;Simples;1;94,000;-22,476719;-21,883555;2,101;-42,995707;-42,680264
CRT;2017;BR-116/RJ;Decrescente;Simples;1;2,100;-21,883555;-21,880083;1,700;-42,680264;-42,681353
ECO050;2017;BR-50/GO;Decrescente;Simples;2;309,401;-18,394671;-18,411365;311,640;-48,071981;-48,082406
ECO050;2017;Contorno de Uberlândia/MG;Decrescente;Dupla;2;0,000;-18,859700;-18,938484;22,400;-48,256872;-48,219471
ECO050;2017;BR-50/MG;Decrescente;Dupla;2;77,300;-18,938442;-19,983767;207,300;-48,219407;-47,788374
ECO050;2017;BR-50/GO;Crescente;Simples;1;95,700;-16,754000;-16,778743;99,400;-47,604000;-47,627716
ECO050;2017;BR-50/GO;Crescente;Dupla;2;99,401;-16,779000;-18,151979;275,400;-47,628000;-47,907442
ECO050;2017;BR-50/GO;Crescente;Simples;1;309,401;-18,394537;-18,424448;314,200;-48,071982;-48,067404
ECO050;2017;BR-50/GO;Decrescente;Simples;1;95,700;-16,754000;-16,778874;99,400;-47,604000;-47,627611
ECO050;2017;BR-50/GO;Decrescente;Dupla;2;99,401;-16,779000;-18,152170;275,400;-47,628000;-47,907293
ECO050;2017;BR-50/GO;Decrescente;Simples;1;313,406;-18,422000;-18,424448;314,200;-48,072000;-48,067404
ECO050;2017;BR-50/GO;Crescente;Simples;1;275,401;-18,151979;-18,226602;287,100;-47,907442;-47,978309
ECO050;2017;BR-50/GO;Crescente;Dupla;2;287,100;-18,226602;-18,394537;309,400;-47,978309;-48,071982
ECO050;2017;BR-50/MG;Crescente;Dupla;2;0,000;-18,424825;-18,858417;65,700;-48,065767;-48,253980
ECO050;2017;Contorno de Uberlândia/MG;Crescente;Dupla;2;0,000;-18,859806;-18,938419;22,400;-48,256817;-48,219481
ECO050;2017;BR-50/MG;Crescente;Dupla;2;77,300;-18,938462;-19,778980;178,350;-48,219544;-47,939445
ECO050;2017;BR-50/MG;Crescente;Dupla;2;178,351;-19,778966;-19,983778;207,300;-47,939255;-47,788463
ECO050;2017;BR-50/GO;Decrescente;Simples;1;275,401;-18,152170;-18,226679;287,100;-47,907293;-47,978167
ECO050;2017;BR-50/GO;Decrescente;Dupla;2;287,101;-18,226679;-18,322507;299,190;-47,978167;-48,023219
ECO050;2017;BR-50/GO;Decrescente;Dupla;2;299,191;-18,322507;-18,355317;303,880;-48,023219;-48,044186
ECO050;2017;BR-50/GO;Decrescente;Dupla;2;303,881;-18,355317;-18,369348;305,730;-48,044186;-48,053361
ECO050;2017;BR-50/GO;Decrescente;Dupla;2;305,731;-18,369348;-18,394671;309,400;-48,053361;-48,071981
ECO050;2017;BR-50/GO;Decrescente;Simples;2;311,641;-18,411365;-18,421896;313,405;-48,082406;-48,071609
ECO050;2017;BR-50/MG;Decrescente;Dupla;2;0,000;-18,424715;-18,606829;22,300;-48,065747;-48,053385
ECO050;2017;BR-50/MG;Decrescente;Dupla;3;22,301;-18,606829;-18,619525;27,100;-48,053385;-48,094826
ECO050;2017;BR-50/MG;Decrescente;Dupla;2;27,101;-18,619525;-18,858362;65,700;-48,094826;-48,253862
ECO101 CONCESSIONARIA DE RODOVIAS S/A;2020;BR-101/BA;Crescente;Simples;1;939,494;-18,042488;-18,174842;956,900;-39,866872;-39,918202
ECO101 CONCESSIONARIA DE RODOVIAS S/A;2020;BR-101/BA;Decrescente;Simples;1;939,494;-18,042508;-18,174849;956,900;-39,866789;-39,918162
ECO101 CONCESSIONARIA DE RODOVIAS S/A;2020;BR-101/ES;Decrescente;Simples;1;0,000;-18,174852;-18,270364;12,617;-39,918168;-39,959554
ECO101 CONCESSIONARIA DE RODOVIAS S/A;2020;BR-101/ES;Crescente;Simples;1;0,000;-18,174845;-18,256280;10,995;-39,918201;-39,954728
ECO101 CONCESSIONARIA DE RODOVIAS S/A;2020;BR-101/ES;Crescente;Simples;2;10,996;-18,256279;-18,264244;11,889;-39,954727;-39,956693
ECO101 CONCESSIONARIA DE RODOVIAS S/A;2020;BR-101/ES;Crescente;Simples;1;11,890;-18,264243;-18,285551;14,416;-39,956692;-39,955835
ECO101 CONCESSIONARIA DE RODOVIAS S/A;2020;BR-101/ES;Decrescente;Simples;2;12,618;-18,270363;-18,281012;13,850;-39,959553;-39,957703
ECO101 CONCESSIONARIA DE RODOVIAS S/A;2020;BR-101/ES;Decrescente;Simples;1;13,851;-18,281013;-18,301537;16,307;-39,957702;-39,957466
ECO101 CONCESSIONARIA DE RODOVIAS S/A;2020;BR-101/ES;Crescente;Simples;2;14,417;-18,285550;-18,290699;15,094;-39,955834;-39,955110
ECO101 CONCESSIONARIA DE RODOVIAS S/A;2020;BR-101/ES;Crescente;Simples;1;15,095;-18,290698;-18,313174;17,887;-39,955109;-39,954192
ECO101 CONCESSIONARIA DE RODOVIAS S/A;2020;BR-101/ES;Decrescente;Simples;2;16,308;-18,301538;-18,310228;17,479;-39,957465;-39,955289
ECO101 CONCESSIONARIA DE RODOVIAS S/A;2020;BR-101/ES;Decrescente;Simples;1;17,480;-18,310227;-18,402885;29,068;-39,955288;-39,938123
ECO101 CONCESSIONARIA DE RODOVIAS S/A;2020;BR-101/ES;Crescente;Simples;2;17,888;-18,313173;-18,317165;18,732;-39,954190;-39,952731
ECO101 CONCESSIONARIA DE RODOVIAS S/A;2020;BR-101/ES;Crescente;Simples;1;18,733;-18,317166;-18,817361;80,232;-39,952730;-39,903678
ECO101 CONCESSIONARIA DE RODOVIAS S/A;2020;BR-101/ES;Decrescente;Simples;2;29,069;-18,402884;-18,409982;29,876;-39,938127;-39,937091
ECO101 CONCESSIONARIA DE RODOVIAS S/A;2020;BR-101/ES;Decrescente;Simples;1;29,877;-18,409983;-18,688043;62,363;-39,937097;-39,861690
ECO101 CONCESSIONARIA DE RODOVIAS S/A;2020;BR-101/ES;Decrescente;Simples;2;62,364;-18,688042;-18,693776;63,112;-39,861689;-39,864095
ECO101 CONCESSIONARIA DE RODOVIAS S/A;2020;BR-101/ES;Decrescente;Simples;1;63,113;-18,693777;-19,229628;130,714;-39,864094;-40,092733
ECO101 CONCESSIONARIA DE RODOVIAS S/A;2020;BR-101/ES;Crescente;Simples;2;80,233;-18,817360;-18,823992;81,144;-39,903679;-39,908677
ECO101 CONCESSIONARIA DE RODOVIAS S/A;2020;BR-101/ES;Crescente;Simples;1;81,145;-18,823993;-19,225245;130,247;-39,908676;-40,093230
ECO101 CONCESSIONARIA DE RODOVIAS S/A;2020;BR-101/ES;Crescente;Simples;2;130,248;-19,225246;-19,227781;130,519;-40,093220;-40,092958
ECO101 CONCESSIONARIA DE RODOVIAS S/A;2020;BR-101/ES;Crescente;Simples;1;130,520;-19,227782;-19,236688;131,465;-40,092957;-40,092026
ECO101 CONCESSIONARIA DE RODOVIAS S/A;2020;BR-101/ES;Decrescente;Simples;2;130,715;-19,229629;-19,235128;131,298;-40,092732;-40,092156
ECO101 CONCESSIONARIA DE RODOVIAS S/A;2020;BR-101/ES;Decrescente;Simples;1;131,299;-19,235127;-19,663538;185,412;-40,092155;-40,246517
ECO101 CONCESSIONARIA DE RODOVIAS S/A;2020;BR-101/ES;Crescente;Simples;2;131,466;-19,236689;-19,240347;131,854;-40,092025;-40,091645
ECO101 CONCESSIONARIA DE RODOVIAS S/A;2020;BR-101/ES;Crescente;Simples;1;131,855;-19,240346;-19,761599;205,511;-40,091644;-40,376130
ECO101 CONCESSIONARIA DE RODOVIAS S/A;2020;BR-101/ES;Decrescente;Simples;2;185,413;-19,663539;-19,668987;186,517;-40,246516;-40,255075
ECO101 CONCESSIONARIA DE RODOVIAS S/A;2020;BR-101/ES;Decrescente;Simples;1;186,518;-19,668986;-19,761521;205,508;-40,255074;-40,376052
ECO101 CONCESSIONARIA DE RODOVIAS S/A;2020;BR-101/ES;Decrescente;Dupla;2;205,509;-19,761522;-19,779735;207,849;-40,376051;-40,371877
ECO101 CONCESSIONARIA DE RODOVIAS S/A;2020;BR-101/ES;Crescente;Dupla;2;205,512;-19,761598;-19,778098;207,666;-40,376120;-40,372336
ECO101 CONCESSIONARIA DE RODOVIAS S/A;2020;BR-101/ES;Crescente;Simples;1;207,667;-19,778097;-19,780018;207,878;-40,372335;-40,371875
ECO101 CONCESSIONARIA DE RODOVIAS S/A;2020;BR-101/ES;Decrescente;Simples;1;207,850;-19,779736;-19,791479;209,146;-40,371876;-40,371378
ECO101 CONCESSIONARIA DE RODOVIAS S/A;2020;BR-101/ES;Crescente;Simples;2;207,879;-19,780019;-19,781184;208,013;-40,371878;-40,371658
ECO101 CONCESSIONARIA DE RODOVIAS S/A;2020;BR-101/ES;Crescente;Simples;1;208,014;-19,781185;-19,827195;213,311;-40,371659;-40,368869
ECO101 CONCESSIONARIA DE RODOVIAS S/A;2020;BR-101/ES;Decrescente;Simples;2;209,147;-19,791478;-19,796304;209,675;-40,371379;-40,370844
ECO101 CONCESSIONARIA DE RODOVIAS S/A;2020;BR-101/ES;Decrescente;Simples;1;209,676;-19,796305;-19,801462;210,310;-40,370843;-40,368184
ECO101 CONCESSIONARIA DE RODOVIAS S/A;2020;BR-101/ES;Decrescente;Simples;2;210,311;-19,801463;-19,809830;211,250;-40,368183;-40,366591
ECO101 CONCESSIONARIA DE RODOVIAS S/A;2020;BR-101/ES;Decrescente;Simples;1;211,251;-19,809831;-19,827180;213,308;-40,366590;-40,368818
ECO101 CONCESSIONARIA DE RODOVIAS S/A;2020;BR-101/ES;Decrescente;Simples;1;213,309;-19,827179;-19,829638;213,684;-40,368817;-40,370201
ECO101 CONCESSIONARIA DE RODOVIAS S/A;2020;BR-101/ES;Crescente;Simples;1;213,312;-19,827194;-19,829592;213,686;-40,368868;-40,370222
ECO101 CONCESSIONARIA DE RODOVIAS S/A;2020;BR-101/ES;Decrescente;Simples;1;213,685;-19,829639;-19,839645;215,954;-40,370200;-40,383805
ECO101 CONCESSIONARIA DE RODOVIAS S/A;2020;BR-101/ES;Crescente;Simples;1;213,687;-19,829591;-19,839694;215,975;-40,370221;-40,383998
ECO101 CONCESSIONARIA DE RODOVIAS S/A;2020;BR-101/ES;Decrescente;Dupla;2;215,955;-19,839646;-19,864073;219,972;-40,383804;-40,392472
ECO101 CONCESSIONARIA DE RODOVIAS S/A;2020;BR-101/ES;Crescente;Dupla;2;215,976;-19,839693;-19,864144;220,015;-40,383999;-40,392859
ECO101 CONCESSIONARIA DE RODOVIAS S/A;2020;BR-101/ES;Decrescente;Simples;1;219,973;-19,864072;-19,932006;229,383;-40,392471;-40,405342
ECO101 CONCESSIONARIA DE RODOVIAS S/A;2020;BR-101/ES;Crescente;Simples;1;220,016;-19,864143;-19,932254;229,411;-40,392858;-40,405296
ECO101 CONCESSIONARIA DE RODOVIAS S/A;2020;BR-101/ES;Decrescente;Dupla;2;229,384;-19,932005;-19,934318;229,643;-40,405341;-40,405042
ECO101 CONCESSIONARIA DE RODOVIAS S/A;2020;BR-101/ES;Crescente;Simples;1;229,412;-19,932253;-19,934289;229,645;-40,405295;-40,405104
ECO101 CONCESSIONARIA DE RODOVIAS S/A;2020;BR-101/ES;Decrescente;Simples;1;229,644;-19,934317;-19,960342;232,701;-40,405041;-40,407058
ECO101 CONCESSIONARIA DE RODOVIAS S/A;2020;BR-101/ES;Crescente;Simples;1;229,646;-19,934288;-19,997292;237,207;-40,405103;-40,414107
ECO101 CONCESSIONARIA DE RODOVIAS S/A;2020;BR-101/ES;Decrescente;Simples;2;232,702;-19,960343;-19,966305;233,357;-40,407059;-40,406420
ECO101 CONCESSIONARIA DE RODOVIAS S/A;2020;BR-101/ES;Decrescente;Simples;1;233,358;-19,966304;-19,997281;237,204;-40,406410;-40,414062
ECO101 CONCESSIONARIA DE RODOVIAS S/A;2020;BR-101/ES;Decrescente;Simples;1;237,205;-19,997282;-20,000337;237,546;-40,414061;-40,413408
ECO101 CONCESSIONARIA DE RODOVIAS S/A;2020;BR-101/ES;Crescente;Simples;1;237,208;-19,997291;-20,000345;237,549;-40,414106;-40,413478
ECO101 CONCESSIONARIA DE RODOVIAS S/A;2020;BR-101/ES;Decrescente;Simples;1;237,547;-20,000336;-20,052905;244,415;-40,413407;-40,383938
ECO101 CONCESSIONARIA DE RODOVIAS S/A;2020;BR-101/ES;Crescente;Simples;1;237,550;-20,000344;-20,021859;240,392;-40,413477;-40,402012
ECO101 CONCESSIONARIA DE RODOVIAS S/A;2020;BR-101/ES;Crescente;Simples;2;240,393;-20,021858;-20,028160;241,234;-40,402011;-40,398038
ECO101 CONCESSIONARIA DE RODOVIAS S/A;2020;BR-101/ES;Crescente;Simples;1;241,235;-20,028159;-20,055533;244,869;-40,398037;-40,380748
ECO101 CONCESSIONARIA DE RODOVIAS S/A;2020;BR-101/ES;Decrescente;Simples;2;244,416;-20,052904;-20,055562;244,881;-40,383937;-40,380607
ECO101 CONCESSIONARIA DE RODOVIAS S/A;2020;BR-101/ES;Crescente;Dupla;2;244,870;-20,055534;-20,061365;245,629;-40,380749;-40,377075
ECO101 CONCESSIONARIA DE RODOVIAS S/A;2020;BR-101/ES;Decrescente;Dupla;2;244,882;-20,055561;-20,061350;245,631;-40,380606;-40,377008
ECO101 CONCESSIONARIA DE RODOVIAS S/A;2020;BR-101/ES;Crescente;Simples;2;245,630;-20,061364;-20,067677;246,805;-40,377074;-40,370052
ECO101 CONCESSIONARIA DE RODOVIAS S/A;2020;BR-101/ES;Decrescente;Simples;2;245,632;-20,061349;-20,067060;246,397;-40,377007;-40,373744
ECO101 CONCESSIONARIA DE RODOVIAS S/A;2020;BR-101/ES;Decrescente;Simples;1;246,398;-20,067059;-20,074025;248,824;-40,373743;-40,353153
ECO101 CONCESSIONARIA DE RODOVIAS S/A;2020;BR-101/ES;Crescente;Simples;1;246,806;-20,067678;-20,121715;256,381;-40,370051;-40,306858
ECO101 CONCESSIONARIA DE RODOVIAS S/A;2020;BR-101/ES;Decrescente;Simples;2;248,825;-20,074024;-20,086637;250,609;-40,353152;-40,344187
ECO101 CONCESSIONARIA DE RODOVIAS S/A;2020;BR-101/ES;Decrescente;Simples;1;250,610;-20,086636;-20,121681;256,384;-40,344186;-40,306816
ECO101 CONCESSIONARIA DE RODOVIAS S/A;2020;BR-101/ES;Crescente;Dupla;2;256,382;-20,121716;-20,137252;258,789;-40,306859;-40,292334
ECO101 CONCESSIONARIA DE RODOVIAS S/A;2020;BR-101/ES;Decrescente;Dupla;2;256,385;-20,121682;-20,137259;258,791;-40,306815;-40,292232
ECO101 CONCESSIONARIA DE RODOVIAS S/A;2020;BR-101/ES;Crescente;Simples;2;258,790;-20,137251;-20,157162;261,954;-40,292333;-40,276926
ECO101 CONCESSIONARIA DE RODOVIAS S/A;2020;BR-101/ES;Decrescente;Simples;2;258,792;-20,137258;-20,157139;261,957;-40,292231;-40,276855
ECO101 CONCESSIONARIA DE RODOVIAS S/A;2020;BR-101/ES;Crescente;Dupla;2;261,955;-20,157163;-20,229212;270,305;-40,276925;-40,272347
ECO101 CONCESSIONARIA DE RODOVIAS S/A;2020;BR-101/ES;Decrescente;Dupla;2;261,958;-20,157138;-20,229239;270,302;-40,276854;-40,272263
ECO101 CONCESSIONARIA DE RODOVIAS S/A;2020;BR-101/ES;Decrescente;Simples;2;270,303;-20,229238;-20,231691;270,625;-40,272262;-40,273898
ECO101 CONCESSIONARIA DE RODOVIAS S/A;2020;BR-101/ES;Crescente;Simples;2;270,306;-20,229213;-20,231642;270,624;-40,272348;-40,274001
ECO101 CONCESSIONARIA DE RODOVIAS S/A;2020;BR-101/ES;Crescente;Dupla;2;270,625;-20,231643;-20,313159;292,799;-40,274002;-40,395622
ECO101 CONCESSIONARIA DE RODOVIAS S/A;2020;BR-101/ES;Decrescente;Dupla;2;270,626;-20,231692;-20,313164;292,799;-40,273897;-40,395492
ECO101 CONCESSIONARIA DE RODOVIAS S/A;2020;BR-101/ES;Decrescente;Dupla;2;292,800;-20,313166;-20,320529;293,600;-40,395494;-40,396126
ECO101 CONCESSIONARIA DE RODOVIAS S/A;2020;BR-101/ES;Crescente;Dupla;2;292,800;-20,313165;-20,320579;293,600;-40,395493;-40,396239
ECO101 CONCESSIONARIA DE RODOVIAS S/A;2020;BR-101/ES;Decrescente;Dupla;2;293,601;-20,320528;-20,412258;308,547;-40,396127;-40,459196
ECO101 CONCESSIONARIA DE RODOVIAS S/A;2020;BR-101/ES;Crescente;Dupla;2;293,601;-20,320578;-20,411256;308,440;-40,396238;-40,459062
ECO101 CONCESSIONARIA DE RODOVIAS S/A;2020;BR-101/ES;Crescente;Simples;1;308,441;-20,411257;-20,412244;308,550;-40,459061;-40,459301
ECO101 CONCESSIONARIA DE RODOVIAS S/A;2020;BR-101/ES;Decrescente;Simples;1;308,548;-20,412259;-20,461420;313,965;-40,459195;-40,465193
ECO101 CONCESSIONARIA DE RODOVIAS S/A;2020;BR-101/ES;Crescente;Simples;1;308,551;-20,412243;-20,458630;313,664;-40,459300;-40,465027
ECO101 CONCESSIONARIA DE RODOVIAS S/A;2020;BR-101/ES;Crescente;Simples;2;313,665;-20,458631;-20,461403;313,966;-40,465026;-40,465325
ECO101 CONCESSIONARIA DE RODOVIAS S/A;2020;BR-101/ES;Decrescente;Simples;1;313,966;-20,461419;-20,463219;314,157;-40,465192;-40,465323
ECO101 CONCESSIONARIA DE RODOVIAS S/A;2020;BR-101/ES;Crescente;Dupla;2;313,967;-20,461404;-20,516341;320,289;-40,465324;-40,478423
ECO101 CONCESSIONARIA DE RODOVIAS S/A;2020;BR-101/ES;Decrescente;Dupla;2;314,158;-20,463218;-20,516371;320,288;-40,465322;-40,478298
ECO101 CONCESSIONARIA DE RODOVIAS S/A;2020;BR-101/ES;Decrescente;Simples;2;320,289;-20,516372;-20,521575;320,855;-40,478297;-40,478129
ECO101 CONCESSIONARIA DE RODOVIAS S/A;2020;BR-101/ES;Crescente;Simples;2;320,290;-20,516342;-20,521556;320,854;-40,478422;-40,478262
ECO101 CONCESSIONARIA DE RODOVIAS S/A;2020;BR-101/ES;Crescente;Dupla;2;320,855;-20,521555;-20,628043;334,944;-40,478261;-40,531298
ECO101 CONCESSIONARIA DE RODOVIAS S/A;2020;BR-101/ES;Decrescente;Dupla;2;320,856;-20,521574;-20,628166;334,937;-40,478128;-40,531263
ECO101 CONCESSIONARIA DE RODOVIAS S/A;2020;BR-101/ES;Decrescente;Simples;1;334,938;-20,628165;-20,630628;335,831;-40,531262;-40,538221
ECO101 CONCESSIONARIA DE RODOVIAS S/A;2020;BR-101/ES;Crescente;Simples;1;334,945;-20,628042;-20,645085;339,212;-40,531299;-40,564095
ECO101 CONCESSIONARIA DE RODOVIAS S/A;2020;BR-101/ES;Decrescente;Simples;2;335,832;-20,630627;-20,633637;336,215;-40,538220;-40,540188
ECO101 CONCESSIONARIA DE RODOVIAS S/A;2020;BR-101/ES;Decrescente;Simples;1;336,216;-20,633638;-20,690308;357,324;-40,540189;-40,700915
ECO101 CONCESSIONARIA DE RODOVIAS S/A;2020;BR-101/ES;Crescente;Simples;2;339,213;-20,645086;-20,648278;339,774;-40,564094;-40,568255
ECO101 CONCESSIONARIA DE RODOVIAS S/A;2020;BR-101/ES;Crescente;Simples;1;339,775;-20,648277;-20,689661;357,085;-40,568254;-40,698776
ECO101 CONCESSIONARIA DE RODOVIAS S/A;2020;BR-101/ES;Crescente;Simples;2;357,086;-20,689660;-20,690223;357,327;-40,698775;-40,700966
ECO101 CONCESSIONARIA DE RODOVIAS S/A;2020;BR-101/ES;Decrescente;Simples;1;357,325;-20,690307;-20,692172;357,781;-40,700914;-40,704576
ECO101 CONCESSIONARIA DE RODOVIAS S/A;2020;BR-101/ES;Crescente;Dupla;2;357,328;-20,690222;-20,692108;357,779;-40,700965;-40,704648
ECO101 CONCESSIONARIA DE RODOVIAS S/A;2020;BR-101/ES;Crescente;Simples;2;357,780;-20,692107;-20,695327;358,296;-40,704647;-40,708216
ECO101 CONCESSIONARIA DE RODOVIAS S/A;2020;BR-101/ES;Decrescente;Simples;1;357,782;-20,692173;-20,697084;358,608;-40,704575;-40,710554
ECO101 CONCESSIONARIA DE RODOVIAS S/A;2020;BR-101/ES;Crescente;Simples;1;358,297;-20,695328;-20,699484;359,170;-40,708217;-40,715161
ECO101 CONCESSIONARIA DE RODOVIAS S/A;2020;BR-101/ES;Decrescente;Simples;2;358,609;-20,697083;-20,698687;358,996;-40,710553;-40,713806
ECO101 CONCESSIONARIA DE RODOVIAS S/A;2020;BR-101/ES;Decrescente;Simples;1;358,997;-20,698688;-20,721227;362,882;-40,713805;-40,738919
ECO101 CONCESSIONARIA DE RODOVIAS S/A;2020;BR-101/ES;Crescente;Simples;2;359,171;-20,699483;-20,702447;359,517;-40,715160;-40,716415
ECO101 CONCESSIONARIA DE RODOVIAS S/A;2020;BR-101/ES;Crescente;Simples;1;359,518;-20,702446;-20,721243;362,891;-40,716414;-40,739076
ECO101 CONCESSIONARIA DE RODOVIAS S/A;2020;BR-101/ES;Decrescente;Simples;1;362,883;-20,721226;-20,723118;363,099;-40,738918;-40,739637
ECO101 CONCESSIONARIA DE RODOVIAS S/A;2020;BR-101/ES;Crescente;Dupla;2;362,892;-20,721244;-20,733118;364,651;-40,739075;-40,749336
ECO101 CONCESSIONARIA DE RODOVIAS S/A;2020;BR-101/ES;Decrescente;Dupla;2;363,100;-20,723117;-20,734669;364,992;-40,739636;-40,752115
ECO101 CONCESSIONARIA DE RODOVIAS S/A;2020;BR-101/ES;Crescente;Simples;1;364,652;-20,733119;-20,734662;365,132;-40,749335;-40,753403
ECO101 CONCESSIONARIA DE RODOVIAS S/A;2020;BR-101/ES;Decrescente;Simples;1;364,993;-20,734668;-20,734766;365,131;-40,752114;-40,753409
ECO101 CONCESSIONARIA DE RODOVIAS S/A;2020;BR-101/ES;Decrescente;Simples;1;365,132;-20,734765;-20,783382;373,223;-40,753408;-40,781429
ECO101 CONCESSIONARIA DE RODOVIAS S/A;2020;BR-101/ES;Crescente;Simples;1;365,133;-20,734661;-20,783349;373,220;-40,753402;-40,781522
ECO101 CONCESSIONARIA DE RODOVIAS S/A;2020;BR-101/ES;Crescente;Dupla;2;373,221;-20,783348;-20,786921;373,678;-40,781521;-40,783449
ECO101 CONCESSIONARIA DE RODOVIAS S/A;2020;BR-101/ES;Decrescente;Simples;1;373,224;-20,783383;-20,785412;373,451;-40,781428;-40,782106
ECO101 CONCESSIONARIA DE RODOVIAS S/A;2020;BR-101/ES;Decrescente;Dupla;2;373,452;-20,785413;-20,787164;373,711;-40,782105;-40,783650
ECO101 CONCESSIONARIA DE RODOVIAS S/A;2020;BR-101/ES;Crescente;Simples;1;373,679;-20,786922;-20,787145;373,757;-40,783450;-40,784122
ECO101 CONCESSIONARIA DE RODOVIAS S/A;2020;BR-101/ES;Decrescente;Simples;1;373,712;-20,787165;-20,805038;379,518;-40,783651;-40,830958
ECO101 CONCESSIONARIA DE RODOVIAS S/A;2020;BR-101/ES;Crescente;Simples;1;373,758;-20,787146;-20,804977;379,515;-40,784123;-40,831036
ECO101 CONCESSIONARIA DE RODOVIAS S/A;2020;BR-101/ES;Crescente;Simples;1;379,516;-20,804975;-20,865632;393,786;-40,831035;-40,923223
ECO101 CONCESSIONARIA DE RODOVIAS S/A;2020;BR-101/ES;Decrescente;Simples;1;379,519;-20,805039;-20,868564;395,752;-40,830959;-40,940471
ECO101 CONCESSIONARIA DE RODOVIAS S/A;2020;BR-101/ES;Crescente;Simples;2;393,787;-20,865631;-20,865841;394,158;-40,923222;-40,926657
ECO101 CONCESSIONARIA DE RODOVIAS S/A;2020;BR-101/ES;Crescente;Simples;1;394,159;-20,865842;-20,882251;400,274;-40,926656;-40,977956
ECO101 CONCESSIONARIA DE RODOVIAS S/A;2020;BR-101/ES;Decrescente;Simples;2;395,753;-20,868563;-20,870812;396,221;-40,940470;-40,944199
ECO101 CONCESSIONARIA DE RODOVIAS S/A;2020;BR-101/ES;Decrescente;Simples;1;396,222;-20,870811;-21,009492;426,351;-40,944198;-41,142291
ECO101 CONCESSIONARIA DE RODOVIAS S/A;2020;BR-101/ES;Crescente;Simples;2;400,275;-20,882252;-20,885540;400,878;-40,977955;-40,982353
ECO101 CONCESSIONARIA DE RODOVIAS S/A;2020;BR-101/ES;Crescente;Simples;1;400,879;-20,885539;-20,900277;404,839;-40,982352;-41,014113
ECO101 CONCESSIONARIA DE RODOVIAS S/A;2020;BR-101/ES;Crescente;Simples;2;404,840;-20,900276;-20,900080;405,324;-41,014112;-41,018555
ECO101 CONCESSIONARIA DE RODOVIAS S/A;2020;BR-101/ES;Crescente;Simples;1;405,325;-20,900079;-21,009428;426,353;-41,018554;-41,142348
ECO101 CONCESSIONARIA DE RODOVIAS S/A;2020;BR-101/ES;Decrescente;Simples;1;426,352;-21,009493;-21,011700;426,874;-41,142290;-41,146583
ECO101 CONCESSIONARIA DE RODOVIAS S/A;2020;BR-101/ES;Crescente;Simples;1;426,354;-21,009427;-21,009653;426,437;-41,142347;-41,143108
ECO101 CONCESSIONARIA DE RODOVIAS S/A;2020;BR-101/ES;Crescente;Simples;1;426,438;-21,009652;-21,011649;426,876;-41,143107;-41,146655
ECO101 CONCESSIONARIA DE RODOVIAS S/A;2020;BR-101/ES;Decrescente;Simples;1;426,875;-21,011699;-21,055897;435,098;-41,146582;-41,197178
ECO101 CONCESSIONARIA DE RODOVIAS S/A;2020;BR-101/ES;Crescente;Simples;1;426,877;-21,011648;-21,045126;433,279;-41,146654;-41,184563
ECO101 CONCESSIONARIA DE RODOVIAS S/A;2020;BR-101/ES;Crescente;Simples;2;433,280;-21,045127;-21,054245;434,825;-41,184562;-41,195248
ECO101 CONCESSIONARIA DE RODOVIAS S/A;2020;BR-101/ES;Crescente;Simples;1;434,826;-21,054244;-21,120677;446,501;-41,195247;-41,272684
ECO101 CONCESSIONARIA DE RODOVIAS S/A;2020;BR-101/ES;Decrescente;Simples;2;435,099;-21,055896;-21,058753;436,099;-41,197179;-41,205377
ECO101 CONCESSIONARIA DE RODOVIAS S/A;2020;BR-101/ES;Decrescente;Simples;1;436,100;-21,058754;-21,128102;447,588;-41,205376;-41,278445
ECO101 CONCESSIONARIA DE RODOVIAS S/A;2020;BR-101/ES;Crescente;Simples;2;446,502;-21,120678;-21,127535;447,380;-41,272683;-41,276636
ECO101 CONCESSIONARIA DE RODOVIAS S/A;2020;BR-101/ES;Crescente;Simples;1;447,381;-21,127534;-21,143948;449,864;-41,276635;-41,270657
ECO101 CONCESSIONARIA DE RODOVIAS S/A;2020;BR-101/ES;Decrescente;Simples;2;447,589;-21,128101;-21,129334;447,861;-41,278444;-41,280446
ECO101 CONCESSIONARIA DE RODOVIAS S/A;2020;BR-101/ES;Decrescente;Simples;1;447,862;-21,129335;-21,151017;450,715;-41,280445;-41,272477
ECO101 CONCESSIONARIA DE RODOVIAS S/A;2020;BR-101/ES;Crescente;Simples;2;449,865;-21,143947;-21,148861;450,433;-41,270656;-41,271465
ECO101 CONCESSIONARIA DE RODOVIAS S/A;2020;BR-101/ES;Crescente;Simples;1;450,434;-21,148862;-21,202229;457,952;-41,271464;-41,300801
ECO101 CONCESSIONARIA DE RODOVIAS S/A;2020;BR-101/ES;Decrescente;Simples;2;450,716;-21,151018;-21,152211;450,928;-41,272476;-41,274038
ECO101 CONCESSIONARIA DE RODOVIAS S/A;2020;BR-101/ES;Decrescente;Simples;1;450,929;-21,152210;-21,215812;459,568;-41,274039;-41,296933
ECO101 CONCESSIONARIA DE RODOVIAS S/A;2020;BR-101/ES;Crescente;Simples;2;457,953;-21,202228;-21,207025;458,511;-41,300800;-41,298826
ECO101 CONCESSIONARIA DE RODOVIAS S/A;2020;BR-101/ES;Crescente;Simples;1;458,512;-21,207026;-21,221904;461,054;-41,298825;-41,308308
ECO101 CONCESSIONARIA DE RODOVIAS S/A;2020;BR-101/ES;Decrescente;Simples;2;459,569;-21,215811;-21,220531;460,853;-41,296932;-41,307209
ECO101 CONCESSIONARIA DE RODOVIAS S/A;2020;BR-101/ES;Decrescente;Simples;1;460,854;-21,220532;-21,221811;461,054;-41,307208;-41,308377
ECO101 CONCESSIONARIA DE RODOVIAS S/A;2020;Contorno de Iconha/ES;Decrescente;Dupla;2;0,000;-20,787028;-20,804158;6,915;-40,783355;-40,830114
ECO101 CONCESSIONARIA DE RODOVIAS S/A;2020;Contorno de Iconha/ES;Crescente;Dupla;2;0,000;-20,786906;-20,802884;6,505;-40,783450;-40,826583
ECO101 CONCESSIONARIA DE RODOVIAS S/A;2020;Contorno de Iconha/ES;Crescente;Simples;1;6,506;-20,802885;-20,804976;7,044;-40,826582;-40,831037
ECO101 CONCESSIONARIA DE RODOVIAS S/A;2020;Contorno de Iconha/ES;Decrescente;Simples;1;6,916;-20,804157;-20,805037;7,044;-40,830113;-40,830957
ECOPONTE;2017;Acesso N 01/RJ;Crescente;Simples;2;0,000;-22,880573;-22,878420;0,810;-43,107048;-43,114530
ECOPONTE;2017;Acesso N 07/RJ;Crescente;Simples;2;0,000;-22,885376;-22,878420;0,837;-43,114077;-43,114530
ECOPONTE;2017;R Rio de Janeiro/RJ;Crescente;Simples;2;0,000;-22,889744;-22,895674;0,719;-43,215930;-43,213119
ECOPONTE;2017;BR-101/RJ;Decrescente;Dupla;4;335,397;-22,886090;-22,887875;333,939;-43,229320;-43,217610
ECOPONTE;2017;R Elevado Perimetral/RJ;Crescente;Dupla;4;0,000;-22,891710;-22,889744;0,240;-43,215020;-43,215930
ECOPONTE;2017;R Bicalho/RJ;Crescente;Dupla;4;0,000;-22,906550;-22,891858;1,756;-43,209560;-43,214870
ECOPONTE;2017;BR-101/RJ;Crescente;Dupla;2;317,176;-22,841480;-22,877440;321,600;-43,096700;-43,110707
ECOPONTE;2017;N João de Deus/RJ;Crescente;Dupla;2;0,000;-22,859560;-22,861923;0,627;-43,103170;-43,107368
ECOPONTE;2017;N Rob Silveira/RJ;Crescente;Dupla;4;0,000;-22,899360;-22,885376;1,684;-43,110800;-43,114077
ECOPONTE;2017;N Boaventura/RJ;Crescente;Dupla;3;0,000;-22,880730;-22,880573;0,671;-43,100530;-43,107048
ECOPONTE;2017;N Quintino/RJ;Crescente;Dupla;3;0,000;-22,913990;-22,899360;2,205;-43,096240;-43,110800
ECOPONTE;2017;BR-101/RJ;Crescente;Dupla;4;322,067;-22,878420;-22,884840;333,623;-43,114530;-43,216940
ECOPONTE;2017;BR-101/RJ;Decrescente;Dupla;4;333,623;-22,884830;-22,878720;322,067;-43,216720;-43,114600
ECOPONTE;2017;Acesso N 02/RJ;Crescente;Simples;2;0,000;-22,878720;-22,880668;0,967;-43,114600;-43,107049
ECOPONTE;2017;Acesso N 03/RJ;Crescente;Simples;2;321,600;-22,877440;-22,878420;322,067;-43,110707;-43,114530
ECOPONTE;2017;Acesso N 04/RJ;Crescente;Simples;2;0,000;-22,878720;-22,882738;0,449;-43,114600;-43,115748
ECOPONTE;2017;Acesso N 05/RJ;Crescente;Simples;2;0,000;-22,880875;-22,881858;0,420;-43,109903;-43,113949
ECOPONTE;2017;Acesso N 06/RJ;Crescente;Simples;2;0,000;-22,878720;-22,878205;0,726;-43,114600;-43,110546
ECOPONTE;2017;Acesso N 08/RJ;Crescente;Simples;2;0,000;-22,878720;-22,885578;0,815;-43,114600;-43,115364
ECOPONTE;2017;Acesso N 09/RJ;Crescente;Simples;2;0,000;-22,877768;-22,882459;0,704;-43,110643;-43,114939
ECOPONTE;2017;Acesso N 10/RJ;Crescente;Simples;1;0,000;-22,882010;-22,879608;0,377;-43,113204;-43,110867
ECOPONTE;2017;Acesso N 11/RJ;Crescente;Simples;1;0,000;-22,879952;-22,878734;0,460;-43,112499;-43,112300
ECOPONTE;2017;Acesso N 11 A/RJ;Crescente;Simples;1;0,000;-22,879125;-22,879732;0,151;-43,110943;-43,112080
ECOPONTE;2017;Acesso N 12/RJ;Crescente;Simples;2;0,000;-22,878254;-22,878425;0,308;-43,110198;-43,113214
ECOPONTE;2017;Acesso N 12 A/RJ;Crescente;Simples;1;0,000;-22,878708;-22,878304;0,229;-43,112328;-43,110203
ECOPONTE;2017;Acesso N 13/RJ;Crescente;Simples;2;0,000;-22,877911;-22,880689;0,420;-43,113880;-43,112911
ECOPONTE;2017;Acesso N 14/RJ;Crescente;Simples;1;0,000;-22,878195;-22,878146;0,221;-43,110470;-43,109954
ECOPONTE;2017;Acesso N 15/RJ;Crescente;Simples;1;0,000;-22,878285;-22,878358;0,090;-43,110203;-43,109365
ECOPONTE;2017;Acesso N 15 A/RJ;Crescente;Simples;2;0,000;-22,878057;-22,878226;0,113;-43,109154;-43,110199
ECOPONTE;2017;Acesso N 15 B/RJ;Crescente;Simples;1;0,000;-22,878232;-22,878172;0,009;-43,109226;-43,109281
ECOPONTE;2017;Acesso N 16/RJ;Crescente;Simples;1;0,000;-22,876374;-22,878358;0,317;-43,110633;-43,112908
ECOPONTE;2017;Acesso N 17/RJ;Crescente;Simples;1;0,000;-22,878324;-22,877871;0,099;-43,113141;-43,113759
ECOPONTE;2017;Acesso N 18/RJ;Crescente;Simples;1;0,000;-22,878372;-22,878920;0,063;-43,112177;-43,112529
ECOPONTE;2017;Acesso N 18 A/RJ;Crescente;Simples;1;0,000;-22,878388;-22,878758;0,043;-43,112394;-43,112584
ECOPONTE;2017;Acesso N 19/RJ;Crescente;Simples;1;0,000;-22,878746;-22,879171;0,212;-43,112277;-43,112049
ECOPONTE;2017;Acesso R 1/RJ;Crescente;Simples;2;0,000;-22,884840;-22,894015;0,669;-43,216940;-43,215458
ECOPONTE;2017;Acesso R 1 A/RJ;Crescente;Simples;2;0,000;-22,884840;-22,890453;1,020;-43,216940;-43,217230
ECOPONTE;2017;Acesso R 2/RJ;Crescente;Simples;2;333,624;-22,884840;-22,888895;334,386;-43,216940;-43,221387
ECOPONTE;2017;Acesso R 2 A/RJ;Decrescente;Simples;2;333,939;-22,887875;-22,884830;333,624;-43,217610;-43,216720
ECOPONTE;2017;Acesso R 4/RJ;Crescente;Simples;2;0,000;-22,891858;-22,884830;0,827;-43,214870;-43,216720
ECOPONTE;2017;Acesso R 4 A/RJ;Crescente;Simples;2;0,000;-22,889744;-22,884830;0,560;-43,215930;-43,216720
ECOSUL;1996;BR-116/RS;Crescente;Simples;1;400,500;-30,870564;-31,629932;511,100;-51,806303;-52,324386
ECOSUL;1996;BR-116/RS;Crescente;Dupla;2;511,101;-31,631633;-31,735989;525,000;-52,326692;-52,393553
ECOSUL;1996;BR-116/RS;Crescente;Simples;1;525,001;-31,735989;-32,565205;661,000;-52,393553;-53,381345
ECOSUL;1996;BR-116/RS;Decrescente;Simples;1;400,500;-30,870564;-31,630083;511,100;-51,806303;-52,324275
ECOSUL;1996;BR-116/RS;Decrescente;Dupla;2;511,101;-31,631633;-31,735989;525,000;-52,326692;-52,393553
ECOSUL;1996;BR-116/RS;Decrescente;Simples;1;525,001;-31,735989;-32,565205;661,000;-52,393553;-53,381345
NOVADUTRA;1999;BR-116/SP;Crescente;Dupla;2;105,501;-23,009978;-23,188614;145,700;-45,519170;-45,858420
NOVADUTRA;1999;BR-116/SP;Crescente;Multifaixa;3;145,701;-23,188618;-23,198075;147,860;-45,858429;-45,876540
NOVADUTRA;1999;BR-116/SP;Crescente;Dupla;2;147,861;-23,198075;-23,237733;154,050;-45,876540;-45,919414
NOVADUTRA;1999;BR-116/SP;Crescente;Multifaixa;3;154,051;-23,237715;-23,257868;157,720;-45,919437;-45,947675
NOVADUTRA;1999;BR-116/SP;Crescente;Dupla;2;157,721;-23,257873;-23,301795;167,000;-45,947683;-46,024164
NOVADUTRA;1999;BR-116/SP;Crescente;Multifaixa;3;167,001;-23,301797;-23,304463;167,930;-46,024174;-46,032930
NOVADUTRA;1999;BR-116/SP;Crescente;Dupla;2;167,931;-23,304463;-23,397932;197,500;-46,032930;-46,296209
NOVADUTRA;1999;BR-116/SP;Crescente;Multifaixa;3;197,501;-23,397932;-23,401962;199,300;-46,296209;-46,313193
NOVADUTRA;1999;BR-116/SP;Crescente;Dupla;2;199,301;-23,401962;-23,411848;203,840;-46,313193;-46,355100
NOVADUTRA;1999;BR-116/SP;Crescente;Multifaixa;3;203,841;-23,411851;-23,412272;204,170;-46,355109;-46,358040
NOVADUTRA;1999;BR-116/SP;Crescente;Dupla;2;204,171;-23,412273;-23,413924;204,790;-46,358050;-46,364078
NOVADUTRA;1999;BR-116/SP;Crescente;Multifaixa;3;204,791;-23,413925;-23,414855;205,100;-46,364088;-46,367067
NOVADUTRA;1999;BR-116/SP;Crescente;Dupla;2;205,101;-23,414859;-23,418171;206,360;-46,367075;-46,379114
NOVADUTRA;1999;BR-116/SP;Crescente;Multifaixa;3;206,361;-23,418174;-23,422994;208,300;-46,379123;-46,396591
NOVADUTRA;1999;BR-116/SP;Crescente;Dupla;2;208,301;-23,422997;-23,425623;209,150;-46,396600;-46,403868
NOVADUTRA;1999;BR-116/SP;Crescente;Multifaixa;3;209,151;-23,425626;-23,525814;231,600;-46,403877;-46,588314
NOVADUTRA;1999;BR-116/SP;Decrescente;Dupla;2;0,000;-22,514076;-22,606553;25,300;-44,700051;-44,895807
NOVADUTRA;1999;BR-116/SP;Decrescente;Multifaixa;3;25,301;-22,606553;-22,622168;27,600;-44,895807;-44,909425
NOVADUTRA;1999;BR-116/SP;Decrescente;Dupla;2;27,601;-22,622168;-22,636534;30,900;-44,909425;-44,936176
NOVADUTRA;1999;BR-116/SP;Decrescente;Multifaixa;3;30,901;-22,636534;-22,645157;32,700;-44,936176;-44,950300
NOVADUTRA;1999;BR-116/SP;Decrescente;Dupla;2;32,701;-22,645151;-22,655626;34,350;-44,950292;-44,960760
NOVADUTRA;1999;BR-116/SP;Decrescente;Multifaixa;3;34,351;-22,655620;-22,660114;35,650;-44,960753;-44,972300
NOVADUTRA;1999;BR-116/SP;Decrescente;Dupla;2;35,651;-22,660112;-22,862941;72,000;-44,972290;-45,237111
NOVADUTRA;1999;BR-116/SP;Decrescente;Multifaixa;3;72,001;-22,862935;-22,873182;74,000;-45,237105;-45,252355
NOVADUTRA;1999;BR-116/SP;Decrescente;Dupla;2;74,001;-22,873220;-22,988697;100,600;-45,252340;-45,477121
NOVADUTRA;1999;BR-116/SP;Decrescente;Multifaixa;3;100,601;-22,988692;-22,995675;102,200;-45,477113;-45,490986
NOVADUTRA;1999;BR-116/SP;Decrescente;Dupla;2;102,201;-22,995671;-23,185750;145,000;-45,490977;-45,852410
NOVADUTRA;1999;BR-116/SP;Decrescente;Multifaixa;3;145,001;-23,185746;-23,192543;146,600;-45,852401;-45,866046
NOVADUTRA;1999;BR-116/SP;Decrescente;Dupla;2;146,601;-23,192539;-23,228047;152,530;-45,866037;-45,908858
NOVADUTRA;1999;BR-116/SP;Decrescente;Multifaixa;3;152,531;-23,228041;-23,233376;153,360;-45,908849;-45,914578
NOVADUTRA;1999;BR-116/SP;Decrescente;Dupla;2;153,361;-23,233371;-23,236851;153,900;-45,914570;-45,918309
NOVADUTRA;1999;BR-116/SP;Decrescente;Multifaixa;3;153,901;-23,236846;-23,259419;158,000;-45,918301;-45,949853
NOVADUTRA;1999;BR-116/SP;Decrescente;Dupla;2;158,001;-23,259416;-23,347597;182,800;-45,949844;-46,167288
NOVADUTRA;1999;BR-116/SP;Decrescente;Multifaixa;3;182,801;-23,347593;-23,349198;183,300;-46,167279;-46,171898
NOVADUTRA;1999;BR-116/SP;Decrescente;Dupla;2;183,301;-23,349195;-23,400462;198,400;-46,171889;-46,304548
NOVADUTRA;1999;BR-116/SP;Decrescente;Multifaixa;3;198,401;-23,400461;-23,406311;201,700;-46,304538;-46,335749
NOVADUTRA;1999;BR-116/SP;Decrescente;Dupla;2;201,701;-23,406307;-23,409903;202,700;-46,335740;-46,344445
NOVADUTRA;1999;BR-116/SP;Decrescente;Multifaixa;3;202,701;-23,409901;-23,412197;204,000;-46,344435;-46,356386
NOVADUTRA;1999;BR-116/SP;Decrescente;Dupla;2;204,001;-23,412195;-23,414880;205,060;-46,356376;-46,366654
NOVADUTRA;1999;BR-116/SP;Decrescente;Multifaixa;3;205,061;-23,414876;-23,527352;231,600;-46,366645;-46,589258
NOVADUTRA;1999;BR-116/RJ;Decrescente;Dupla;2;163,000;-22,819927;-22,563715;265,700;-43,320337;-44,122139
NOVADUTRA;1999;BR-116/RJ;Decrescente;Multifaixa;3;265,701;-22,558072;-22,542414;274,000;-44,125472;-44,190952
NOVADUTRA;1999;BR-116/RJ;Decrescente;Dupla;2;274,001;-22,542414;-22,513002;333,600;-44,190952;-44,698055
NOVADUTRA;1999;BR-116/RJ;Crescente;Dupla;2;163,000;-22,819896;-22,733657;190,210;-43,320222;-43,556253
NOVADUTRA;1999;BR-116/RJ;Crescente;Dupla;2;190,211;-22,733657;-22,718370;205,480;-43,556253;-43,701357
NOVADUTRA;1999;BR-116/RJ;Crescente;Dupla;2;205,481;-22,718352;-22,620205;239,000;-43,701354;-43,926035
NOVADUTRA;1999;BR-116/RJ;Crescente;Multifaixa;3;239,001;-22,620200;-22,599698;242,000;-43,926043;-43,940309
NOVADUTRA;1999;BR-116/RJ;Crescente;Dupla;2;242,001;-22,599693;-22,584591;255,000;-43,940317;-44,049964
NOVADUTRA;1999;BR-116/RJ;Crescente;Multifaixa;3;255,001;-22,584593;-22,591757;258,000;-44,049973;-44,077655
NOVADUTRA;1999;BR-116/RJ;Crescente;Dupla;2;258,001;-22,591757;-22,513002;333,600;-44,077655;-44,698055
NOVADUTRA;1999;BR-116/SP;Crescente;Dupla;2;0,000;-22,514010;-22,584800;22,200;-44,700097;-44,878915
NOVADUTRA;1999;BR-116/SP;Crescente;Multifaixa;3;22,201;-22,584807;-22,604302;24,960;-44,878922;-44,893376
NOVADUTRA;1999;BR-116/SP;Crescente;Dupla;2;24,961;-22,604308;-22,625732;28,620;-44,893429;-44,917806
NOVADUTRA;1999;BR-116/SP;Crescente;Multifaixa;3;28,621;-22,625735;-22,638076;31,080;-44,917815;-44,937289
NOVADUTRA;1999;BR-116/SP;Crescente;Dupla;2;31,081;-22,638083;-22,923249;85,340;-44,937295;-45,347089
NOVADUTRA;1999;BR-116/SP;Crescente;Multifaixa;3;85,341;-22,923253;-22,929227;86,815;-45,347097;-45,359020
NOVADUTRA;1999;BR-116/SP;Crescente;Dupla;2;86,816;-22,929227;-23,000027;103,230;-45,359020;-45,499923
NOVADUTRA;1999;BR-116/SP;Crescente;Multifaixa;3;103,231;-23,000031;-23,009972;105,500;-45,499932;-45,519162
NOVADUTRA;1999;Saída km 178/RJ;Crescente;Simples;1;177,800;-22,750297;-22,749211;178,000;-43,440367;-43,441919
NOVADUTRA;1999;Acesso km 178/RJ;Crescente;Simples;1;178,000;-22,748434;-22,747476;178,200;-43,443048;-43,444451
NOVADUTRA;1999;Saída km 190,3/RJ;Crescente;Simples;1;190,000;-22,734556;-22,732609;190,380;-43,554774;-43,557459
NOVADUTRA;1999;Saída km 205,6/RJ;Crescente;Simples;1;205,500;-22,718159;-22,718288;205,600;-43,702488;-43,701629
NOVADUTRA;1999;Acesso km 209,1/RJ;Crescente;Simples;1;209,100;-22,711949;-22,709765;209,330;-43,735091;-43,736264
NOVADUTRA;1999;Saída km 258,2/RJ;Crescente;Simples;1;257,750;-22,592696;-22,591743;258,200;-44,073720;-44,077656
NOVADUTRA;1999;Saída km 296,1/RJ;Crescente;Simples;1;295,850;-22,452088;-22,452140;296,100;-44,355331;-44,356314
NOVADUTRA;1999;Acesso km 296,1/RJ;Crescente;Simples;1;296,100;-22,452368;-22,452780;296,700;-44,358452;-44,362912
NOVADUTRA;1999;Acesso km 71/SP;Crescente;Simples;1;71,000;-22,859505;-22,861828;71,340;-45,234264;-45,236356
NOVADUTRA;1999;Acesso km 99,1/SP;Crescente;Simples;1;99,100;-22,982526;-22,983196;99,250;-45,465221;-45,466523
NOVADUTRA;1999;Saída posto km 168,4/SP;Crescente;Simples;1;168,200;-23,304628;-23,305294;168,460;-46,033621;-46,035889
NOVADUTRA;1999;Saída km 178,5 (Ayrton Senna)/SP;Crescente;Dupla;2;178,300;-23,324957;-23,327774;178,550;-46,123249;-46,128945
NOVADUTRA;1999;Saída km 71/SP;Decrescente;Simples;1;69,893;-22,859630;-22,860296;71,000;-45,234095;-45,234697
NOVADUTRA;1999;Saída km 99,1/SP;Decrescente;Simples;1;98,940;-22,983299;-22,981326;99,420;-45,466302;-45,462380
NOVADUTRA;1999;Acesso km 178,5 (Ayrton Senna)/SP;Decrescente;Simples;1;178,400;-23,325535;-23,328074;179,100;-46,123937;-46,128791
NOVADUTRA;1999;Saída km 190,3/RJ;Decrescente;Simples;1;190,100;-22,733347;-22,732107;190,350;-43,556927;-43,558420
NOVADUTRA;1999;Acesso km 190,3/RJ;Decrescente;Simples;1;190,300;-22,734436;-22,733713;190,450;-43,555487;-43,556473
NOVADUTRA;1999;Acesso km 205,6/RJ;Decrescente;Simples;1;205,950;-22,718492;-22,718813;205,600;-43,702587;-43,699481
NOVADUTRA;1999;Acesso km 208,5/RJ;Decrescente;Simples;1;208,500;-22,715394;-22,714853;209,000;-43,724037;-43,727951
NOVADUTRA;1999;Saída km 265,7 (Barra Mansa)/RJ;Decrescente;Simples;1;265,340;-22,558928;-22,557281;265,700;-44,124540;-44,126993
RODOVIA DO AÇO;2016;Alça Sul (Estrada União Indústria)/RJ;Decrescente;Simples;1;3,250;-22,103002;-22,122383;0,000;-43,213791;-43,232273
RODOVIA DO AÇO;2016;Alça de Entrada da BR-040/RJ;Crescente;Simples;1;166,099;-22,126008;-22,125850;166,199;-43,154109;-43,155065
RODOVIA DO AÇO;2016;Alça de Saída da BR-040/RJ;Decrescente;Simples;1;166,199;-22,125850;-22,126008;166,099;-43,155065;-43,154109
RODOVIA DO AÇO;2016;Alça Sul (Estrada União Indústria)/RJ;Crescente;Simples;1;0,000;-22,122383;-22,103002;3,250;-43,232273;-43,213791
TRANSBRASILIANA;2015;Variante/SP;Crescente;Simples;1;336,000;-22,910386;-22,927377;338,100;-49,889581;-49,890597
TRANSBRASILIANA;2015;Variante/SP;Decrescente;Simples;1;338,100;-22,927377;-22,910386;336,000;-49,890597;-49,889581
TRANSBRASILIANA;2015;SP-333/SP;Crescente;Dupla;2;314,290;-22,086432;-22,179746;327,100;-49,899931;-49,972059
TRANSBRASILIANA;2015;SP-333/SP;Decrescente;Dupla;2;327,100;-22,179746;-22,086432;314,290;-49,972059;-49,899931
TRANSBRASILIANA;2015;SP-294/SP;Crescente;Dupla;2;458,000;-22,181132;-22,233194;452,050;-49,972285;-49,970878
TRANSBRASILIANA;2015;SP-294/SP;Crescente;Dupla;2;452,049;-22,233510;-22,228595;449,600;-49,970073;-49,958262
TRANSBRASILIANA;2015;SP-294/SP;Crescente;Dupla;2;449,599;-22,228883;-22,231369;446,700;-49,958079;-49,918697
TRANSBRASILIANA;2015;SP-294/SP;Decrescente;Dupla;2;446,700;-22,231369;-22,228883;449,599;-49,918697;-49,958079
TRANSBRASILIANA;2015;SP-294/SP;Decrescente;Dupla;2;449,600;-22,228595;-22,233510;452,049;-49,958262;-49,970073
TRANSBRASILIANA;2015;SP-294/SP;Decrescente;Dupla;2;452,050;-22,233194;-22,181132;458,000;-49,970878;-49,972285
VIA 040;2010;BR-40/DF;Crescente;Dupla;2;0,000;-15,976935;-15,976935;8,400;-47,990038;-47,990038
VIA 040;2010;BR-40/GO;Crescente;Dupla;2;0,000;-16,051171;-16,249326;24,541;-47,981581;-47,903581
VIA 040;2010;BR-40/GO;Crescente;Simples;1;24,542;-16,249326;-16,252154;24,907;-47,903581;-47,901473
VIA 040;2010;BR-40/GO;Crescente;Dupla;2;24,908;-16,252154;-16,362026;40,160;-47,901473;-47,831031
VIA 040;2010;BR-40/GO;Crescente;Multifaixa;2;40,161;-16,362026;-16,456481;51,648;-47,831031;-47,807679
VIA 040;2010;BR-40/GO;Crescente;Dupla;2;51,649;-16,456481;-16,512093;58,090;-47,807679;-47,810121
VIA 040;2010;BR-40/GO;Crescente;Multifaixa;2;58,091;-16,512093;-16,600971;69,486;-47,810121;-47,772732
VIA 040;2010;BR-40/GO;Crescente;Dupla;2;69,487;-16,600971;-16,630421;74,356;-47,772732;-47,739349
VIA 040;2010;BR-40/GO;Crescente;Simples;1;74,357;-16,630421;-16,664280;79,102;-47,739349;-47,719553
VIA 040;2010;BR-40/GO;Crescente;Dupla;2;79,103;-16,664280;-16,712222;86,543;-47,719553;-47,673214
VIA 040;2010;BR-40/GO;Crescente;Multifaixa;2;86,544;-16,712222;-16,824434;105,298;-47,673214;-47,548626
VIA 040;2010;BR-40/GO;Crescente;Dupla;2;105,299;-16,824434;-16,906642;129,662;-47,548626;-47,351187
VIA 040;2010;BR-40/GO;Crescente;Simples;1;129,663;-16,906642;-17,034681;156,700;-47,351187;-47,162636
VIA 040;2010;BR-40/MG;Crescente;Simples;1;0,000;-17,034534;-17,210701;39,901;-47,160908;-46,883126
VIA 040;2010;BR-40/MG;Crescente;Multifaixa;2;39,902;-17,210701;-17,755360;144,832;-46,883126;-46,164341
VIA 040;2010;BR-40/MG;Crescente;Simples;1;144,833;-17,755360;-17,881369;160,213;-46,164341;-46,126294
VIA 040;2010;BR-40/MG;Crescente;Dupla;2;160,214;-17,881369;-17,945394;172,692;-46,126294;-46,036615
VIA 040;2010;BR-40/MG;Crescente;Multifaixa;2;172,693;-17,945394;-18,250514;286,000;-46,036615;-45,164088
VIA 040;2010;BR-40/MG;Crescente;Multifaixa;2;286,001;-18,250514;-18,757960;361,000;-45,164088;-44,844080
VIA 040;2010;BR-40/MG;Crescente;Simples;1;361,001;-18,757960;-19,138434;413,800;-44,844080;-44,614876
VIA 040;2010;BR-40/MG;Crescente;Simples;1;413,801;-19,138434;-19,153688;422,974;-44,614876;-44,537555
VIA 040;2010;BR-40/MG;Crescente;Dupla;2;422,975;-19,153688;-19,283955;443,000;-44,537555;-44,416749
VIA 040;2010;BR-40/MG;Crescente;Dupla;2;443,001;-19,283955;-19,289350;445,000;-44,416749;-44,400461
VIA 040;2010;BR-40/MG;Crescente;Dupla;2;445,001;-19,289350;-19,488765;473,100;-44,400461;-44,280522
VIA 040;2010;BR-40/MG;Crescente;Dupla;2;473,101;-19,488765;-19,766500;508,900;-44,280522;-44,129671
VIA 040;2010;BR-40/MG;Crescente;Dupla;2;508,901;-19,766500;-19,884842;525,200;-44,129671;-44,050391
VIA 040;2010;BR-40/MG;Crescente;Dupla;3;525,201;-19,884842;-19,926440;532,900;-44,050391;-44,007048
VIA 040;2010;BR-40/MG;Crescente;Dupla;3;532,901;-19,926440;-19,996815;543,500;-44,007048;-43,961847
VIA 040;2010;BR-40/MG;Crescente;Dupla;2;543,501;-19,996815;-20,161490;563,600;-43,961847;-43,964816
VIA 040;2010;BR-40/MG;Crescente;Multifaixa;2;563,601;-20,161490;-20,418577;597,157;-43,964816;-43,885076
VIA 040;2010;BR-40/MG;Crescente;Dupla;2;597,158;-20,418577;-20,421561;597,786;-43,885076;-43,879961
VIA 040;2010;BR-40/MG;Crescente;Multifaixa;2;597,787;-20,421561;-20,784415;645,000;-43,879961;-43,811314
VIA 040;2010;BR-40/MG;Crescente;Multifaixa;2;645,001;-20,784415;-21,196462;698,814;-43,811314;-43,749235
VIA 040;2010;BR-40/MG;Crescente;Dupla;2;698,815;-21,196462;-21,420922;738,500;-43,749235;-43,559082
VIA 040;2010;BR-40/MG;Crescente;Multifaixa;2;738,501;-21,420922;-21,642322;772,898;-43,559082;-43,436596
VIA 040;2010;BR-40/MG;Crescente;Dupla;2;772,899;-21,642322;-21,644494;773,500;-43,436596;-43,436216
VIA 040;2010;BR-40/DF;Decrescente;Dupla;2;8,400;-15,976935;-15,976935;0,000;-47,990038;-47,990038
VIA 040;2010;BR-40/GO;Decrescente;Dupla;2;24,541;-16,249326;-16,051171;0,000;-47,903581;-47,981581
VIA 040;2010;BR-40/GO;Decrescente;Simples;1;24,907;-16,252154;-16,249326;24,542;-47,901473;-47,903581
VIA 040;2010;BR-40/GO;Decrescente;Dupla;2;40,160;-16,362026;-16,252154;24,908;-47,831031;-47,901473
VIA 040;2010;BR-40/GO;Decrescente;Multifaixa;2;51,648;-16,456481;-16,362026;40,161;-47,807679;-47,831031
VIA 040;2010;BR-40/GO;Decrescente;Dupla;2;58,090;-16,512093;-16,456481;51,649;-47,810121;-47,807679
VIA 040;2010;BR-40/GO;Decrescente;Multifaixa;2;69,486;-16,600971;-16,512093;58,091;-47,772732;-47,810121
VIA 040;2010;BR-40/GO;Decrescente;Dupla;2;74,356;-16,630421;-16,600971;69,487;-47,739349;-47,772732
VIA 040;2010;BR-40/GO;Decrescente;Simples;1;79,102;-16,664280;-16,630421;74,357;-47,719553;-47,739349
VIA 040;2010;BR-40/GO;Decrescente;Dupla;2;86,543;-16,712222;-16,664280;79,103;-47,673214;-47,719553
VIA 040;2010;BR-40/GO;Decrescente;Multifaixa;2;105,298;-16,824434;-16,712222;86,544;-47,548626;-47,673214
VIA 040;2010;BR-40/GO;Decrescente;Dupla;2;129,662;-16,906642;-16,824434;105,299;-47,351187;-47,548626
VIA 040;2010;BR-40/GO;Decrescente;Simples;1;156,700;-17,034681;-16,906642;129,663;-47,162636;-47,351187
VIA 040;2010;BR-40/MG;Decrescente;Simples;1;39,901;-17,210701;-17,034534;0,000;-46,883126;-47,160908
VIA 040;2010;BR-40/MG;Decrescente;Multifaixa;2;144,832;-17,755360;-17,210701;39,902;-46,164341;-46,883126
VIA 040;2010;BR-40/MG;Decrescente;Simples;1;160,213;-17,881369;-17,755360;144,833;-46,126294;-46,164341
VIA 040;2010;BR-40/MG;Decrescente;Dupla;2;172,692;-17,945394;-17,881369;160,214;-46,036615;-46,126294
VIA 040;2010;BR-40/MG;Decrescente;Multifaixa;2;286,000;-18,250514;-17,945394;172,693;-45,164088;-46,036615
VIA 040;2010;BR-40/MG;Decrescente;Multifaixa;2;361,000;-18,757960;-18,250514;286,001;-44,844080;-45,164088
VIA 040;2010;BR-40/MG;Decrescente;Simples;1;413,800;-19,138434;-18,757960;361,001;-44,614876;-44,844080
VIA 040;2010;BR-40/MG;Decrescente;Simples;1;422,974;-19,153688;-19,138434;413,801;-44,537555;-44,614876
VIA 040;2010;BR-40/MG;Decrescente;Dupla;2;443,000;-19,283955;-19,153688;422,975;-44,416749;-44,537555
VIA 040;2010;BR-40/MG;Decrescente;Dupla;2;445,000;-19,289350;-19,283955;443,001;-44,400461;-44,416749
VIA 040;2010;BR-40/MG;Decrescente;Dupla;2;473,100;-19,488765;-19,289350;445,001;-44,280522;-44,400461
VIA 040;2010;BR-40/MG;Decrescente;Dupla;2;508,900;-19,766500;-19,488765;473,101;-44,129671;-44,280522
VIA 040;2010;BR-40/MG;Decrescente;Dupla;2;525,200;-19,884842;-19,766500;508,901;-44,050391;-44,129671
VIA 040;2010;BR-40/MG;Decrescente;Dupla;3;532,900;-19,926440;-19,884842;525,201;-44,007048;-44,050391
VIA 040;2010;BR-40/MG;Decrescente;Dupla;3;543,500;-19,996815;-19,926440;532,901;-43,961847;-44,007048
VIA 040;2010;BR-40/MG;Decrescente;Dupla;2;563,600;-20,161490;-19,996815;543,501;-43,964816;-43,961847
VIA 040;2010;BR-40/MG;Decrescente;Multifaixa;2;597,157;-20,418577;-20,161490;563,601;-43,885076;-43,964816
VIA 040;2010;BR-40/MG;Decrescente;Dupla;2;597,786;-20,421561;-20,418577;597,158;-43,879961;-43,885076
VIA 040;2010;BR-40/MG;Decrescente;Multifaixa;2;645,000;-20,784415;-20,421561;597,787;-43,811314;-43,879961
VIA 040;2010;BR-40/MG;Decrescente;Multifaixa;2;698,814;-21,196462;-20,784415;645,001;-43,749235;-43,811314
VIA 040;2010;BR-40/MG;Decrescente;Dupla;2;738,500;-21,420922;-21,196462;698,815;-43,559082;-43,749235
VIA 040;2010;BR-40/MG;Decrescente;Multifaixa;2;772,898;-21,642322;-21,420922;738,501;-43,436596;-43,559082
VIA 040;2010;BR-40/MG;Decrescente;Dupla;2;773,500;-21,644494;-21,642322;772,899;-43,436216;-43,436596
VIA BAHIA;2003;528/BA;Crescente;Simples;1;0,000;-12,813802;-12,833085;4,300;-38,486355;-38,460980
VIA BAHIA;2003;528/BA;Decrescente;Simples;1;0,000;-12,813852;-12,833085;4,300;-38,486455;-38,460980
VIA BAHIA;2003;526/BA;Crescente;Simples;1;0,000;-12,833631;-12,820732;9,300;-38,460278;-38,407936
VIA BAHIA;2003;526/BA;Decrescente;Simples;1;0,000;-12,833670;-12,820669;9,300;-38,460325;-38,407927
VIA BAHIA;2003;CONTORNO - VC/BA;Decrescente;Simples;1;0,000;-14,827933;-14,828597;29,956;-40,827983;-40,827509
VIA BAHIA;2003;CONTORNO - VC/BA;Crescente;Simples;1;0,000;-14,828036;-14,828674;29,956;-40,828109;-40,827602
VIA BAHIA;2003;CONTORNO SUL - FS1/BA;Crescente;Dupla;2;7,001;-12,268966;-12,230586;7,900;-38,988296;-38,965954
VIA BAHIA;2003;CONTORNO SUL - FS1/BA;Decrescente;Dupla;2;7,001;-12,269061;-12,230689;7,900;-38,988410;-38,965939
VIA BAHIA;2003;BR-116/BA;Decrescente;Dupla;2;426,461;-12,270336;-12,380060;446,400;-38,991635;-39,126401
VIA BAHIA;2003;BR-116/BA;Crescente;Dupla;2;426,461;-12,270185;-12,379950;446,400;-38,991631;-39,126531
VIA BAHIA;2003;BR-116/BA;Decrescente;Dupla;2;446,401;-12,380061;-12,408385;453,020;-39,126402;-39,179320
VIA BAHIA;2003;BR-116/BA;Crescente;Dupla;2;446,401;-12,379951;-12,408184;453,020;-39,126532;-39,179419
VIA BAHIA;2003;BR-116/BA;Decrescente;Dupla;2;453,021;-12,408386;-12,435376;458,500;-39,179321;-39,221375
VIA BAHIA;2003;BR-116/BA;Crescente;Dupla;2;453,021;-12,408185;-12,435234;458,500;-39,179420;-39,214890
VIA BAHIA;2003;BR-116/BA;Decrescente;Dupla;2;458,501;-12,435377;-12,449967;462,000;-39,221376;-39,249270
VIA BAHIA;2003;BR-116/BA;Crescente;Dupla;2;458,501;-12,435235;-12,449788;462,000;-39,214891;-39,249309
VIA BAHIA;2003;BR-116/BA;Decrescente;Dupla;2;462,001;-12,449968;-12,457938;463,960;-39,249271;-39,265249
VIA BAHIA;2003;BR-116/BA;Crescente;Dupla;2;462,001;-12,449789;-12,457798;463,960;-39,249310;-39,265346
VIA BAHIA;2003;BR-116/BA;Decrescente;Dupla;2;463,961;-12,457939;-12,468507;466,520;-39,265250;-39,286696
VIA BAHIA;2003;BR-116/BA;Crescente;Dupla;2;463,961;-12,457798;-12,468349;466,520;-39,265347;-39,286808
VIA BAHIA;2003;BR-116/BA;Decrescente;Dupla;2;466,521;-12,468508;-12,492489;472,400;-39,286697;-39,335099
VIA BAHIA;2003;BR-116/BA;Crescente;Dupla;2;466,521;-12,468350;-12,492307;472,400;-39,286809;-39,335205
VIA BAHIA;2003;BR-116/BA;Decrescente;Dupla;2;472,401;-12,492490;-12,496528;473,400;-39,335099;-39,343266
VIA BAHIA;2003;BR-116/BA;Crescente;Dupla;2;472,401;-12,492308;-12,496359;473,400;-39,335206;-39,343375
VIA BAHIA;2003;BR-116/BA;Decrescente;Dupla;2;473,401;-12,496529;-12,578336;493,600;-39,343267;-39,509319
VIA BAHIA;2003;BR-116/BA;Crescente;Dupla;2;473,401;-12,496360;-12,577937;493,600;-39,343376;-39,509531
VIA BAHIA;2003;BR-116/BA;Decrescente;Dupla;2;501,451;-12,613023;-12,615063;501,950;-39,568830;-39,572934
VIA BAHIA;2003;BR-116/BA;Crescente;Dupla;2;575,951;-13,087423;-13,100216;577,245;-39,962737;-39,963907
VIA BAHIA;2003;BR-116/BA;Decrescente;Dupla;2;828,621;-14,897990;-14,898669;828,710;-40,866824;-40,867254
VIA BAHIA;2003;BR-116/BA;Crescente;Dupla;2;828,621;-14,897965;-14,898653;828,710;-40,866930;-40,867311
VIA BAHIA;2003;CONTORNO SUL  - FS/BA;Crescente;Dupla;2;0,000;-12,272002;-12,268965;7,000;-38,935914;-38,988295
VIA BAHIA;2003;CONTORNO NORTE  - FS - 324/BA;Crescente;Simples;1;512,600;-12,230905;-12,271950;519,500;-38,962356;-38,935833
VIA BAHIA;2003;CONTORNO NORTE  - FS - 324/BA;Decrescente;Simples;1;512,600;-12,230679;-12,271922;519,500;-38,962344;-38,935875
VIA BAHIA;2003;CONTORNO SUL  - FS/BA;Decrescente;Dupla;2;0,000;-12,272083;-12,269060;7,000;-38,935769;-38,988409
VIA BAHIA;2003;CONTORNO NORTE - FS - 116/BA;Crescente;Simples;1;422,000;-12,230578;-12,255374;426,200;-38,965948;-38,989400
VIA BAHIA;2003;CONTORNO NORTE - FS - 116/BA;Decrescente;Simples;1;422,000;-12,230700;-12,255389;426,200;-38,965892;-38,989265
VIA BAHIA;2003;BR-116/BA;Decrescente;Simples;1;425,800;-12,268505;-12,270336;426,460;-38,987606;-38,991635
VIA BAHIA;2003;BR-116/BA;Crescente;Simples;1;425,800;-12,268455;-12,270185;426,460;-38,987681;-38,991631
VIA BAHIA;2003;BR-116/BA;Decrescente;Dupla;2;577,091;-13,098929;-13,155473;588,750;-39,963423;-39,998066
VIA BAHIA;2003;BR-116/BA;Crescente;Simples;1;577,246;-13,100217;-13,161125;589,400;-39,963908;-39,999553
VIA BAHIA;2003;BR-116/BA;Decrescente;Simples;1;588,751;-13,155474;-13,200303;594,320;-39,998067;-40,011673
VIA BAHIA;2003;BR-116/BA;Crescente;Dupla;2;589,401;-13,161126;-13,200261;594,320;-39,999554;-40,011750
VIA BAHIA;2003;BR-116/BA;Decrescente;Dupla;2;594,321;-13,200304;-13,223253;597,920;-40,011674;-40,025867
VIA BAHIA;2003;BR-116/BA;Crescente;Simples;1;594,321;-13,200262;-13,833880;669,770;-40,011751;-40,106357
VIA BAHIA;2003;BR-116/BA;Decrescente;Simples;1;597,921;-13,223254;-13,558795;637,660;-40,025868;-40,076209
VIA BAHIA;2003;BR-116/BA;Crescente;Dupla;2;669,771;-13,833881;-13,835631;669,960;-40,106358;-40,106303
VIA BAHIA;2003;BR-116/BA;Decrescente;Dupla;2;637,661;-13,558796;-13,613047;644,530;-40,076210;-40,091299
VIA BAHIA;2003;BR-116/BA;Crescente;Simples;1;669,961;-13,835632;-14,823646;817,910;-40,106304;-40,818796
VIA BAHIA;2003;BR-116/BA;Decrescente;Simples;1;644,531;-13,613048;-13,833755;669,770;-40,091299;-40,106189
VIA BAHIA;2003;BR-116/BA;Crescente;Dupla;2;817,911;-14,823647;-14,826879;818,670;-40,818797;-40,825030
VIA BAHIA;2003;BR-116/BA;Decrescente;Dupla;2;669,771;-13,833756;-13,835813;669,960;-40,106190;-40,106102
VIA BAHIA;2003;BR-116/BA;Crescente;Dupla;3;818,671;-14,826880;-14,827423;818,810;-40,825031;-40,826165
VIA BAHIA;2003;BR-116/BA;Decrescente;Simples;1;669,961;-13,835814;-14,829865;819,820;-40,106103;-40,835560
VIA BAHIA;2003;BR-116/BA;Crescente;Dupla;2;818,811;-14,827424;-14,831416;820,070;-40,826166;-40,837517
VIA BAHIA;2003;BR-116/BA;Decrescente;Dupla;2;819,821;-14,829866;-14,837731;821,105;-40,835561;-40,842367
VIA BAHIA;2003;BR-116/BA;Crescente;Simples;1;820,071;-14,831417;-14,846582;822,195;-40,837518;-40,848108
VIA BAHIA;2003;BR-116/BA;Decrescente;Simples;1;821,106;-14,837731;-14,846566;822,195;-40,842367;-40,847945
VIA BAHIA;2003;BR-116/BA;Crescente;Dupla;2;822,196;-14,846583;-14,884508;826,850;-40,848109;-40,858500
VIA BAHIA;2003;BR-116/BA;Decrescente;Dupla;2;822,196;-14,846567;-14,884550;826,850;-40,847946;-40,858442
VIA BAHIA;2003;BR-116/BA;Crescente;Simples;1;826,851;-14,884509;-14,890745;827,650;-40,858501;-40,862402
VIA BAHIA;2003;BR-116/BA;Decrescente;Simples;1;826,851;-14,884551;-14,890769;827,650;-40,858443;-40,862345
VIA BAHIA;2003;BR-116/BA;Crescente;Dupla;2;827,651;-14,890746;-14,891835;827,800;-40,862403;-40,863071
VIA BAHIA;2003;BR-116/BA;Decrescente;Dupla;2;827,651;-14,890770;-14,891874;827,800;-40,862346;-40,863014
VIA BAHIA;2003;BR-116/BA;Crescente;Simples;1;827,801;-14,891835;-14,893049;827,985;-40,863071;-40,863832
VIA BAHIA;2003;BR-116/BA;Decrescente;Simples;1;827,801;-14,891874;-14,893065;827,985;-40,863014;-40,863767
VIA BAHIA;2003;BR-116/BA;Crescente;Dupla;2;827,986;-14,893050;-14,894982;828,240;-40,863833;-40,865035
VIA BAHIA;2003;BR-116/BA;Decrescente;Dupla;2;827,986;-14,893066;-14,895005;828,240;-40,863768;-40,864960
VIA BAHIA;2003;BR-116/BA;Crescente;Simples;1;828,241;-14,894983;-14,896158;828,380;-40,865036;-40,865771
VIA BAHIA;2003;BR-116/BA;Decrescente;Simples;1;828,241;-14,895006;-14,896203;828,380;-40,864961;-40,865706
VIA BAHIA;2003;BR-116/BA;Crescente;Dupla;2;828,381;-14,896159;-14,897068;828,500;-40,865772;-40,866381
VIA BAHIA;2003;BR-116/BA;Decrescente;Dupla;2;828,381;-14,896204;-14,897115;828,500;-40,865707;-40,866280
VIA BAHIA;2003;BR-116/BA;Crescente;Simples;1;828,501;-14,897069;-14,897964;828,620;-40,866382;-40,866929
VIA BAHIA;2003;BR-116/BA;Decrescente;Simples;1;828,501;-14,897116;-14,897989;828,620;-40,866281;-40,866823
VIA BAHIA;2003;BR-116/BA;Crescente;Simples;1;828,711;-14,898654;-15,700179;936,800;-40,867312;-41,333560
VIA BAHIA;2003;BR-116/BA;Decrescente;Simples;1;828,711;-14,898670;-15,700153;936,800;-40,867255;-41,333647
VIA SUL;2019;BR-101/RS;Crescente;Dupla;2;0,000;-29,299424;-29,887296;87,900;-49,769970;-50,275595
VIA SUL;2019;BR-101/RS;Decrescente;Dupla;2;87,900;-29,887296;-29,299424;0,000;-50,275595;-49,769970
